Student_ID,CGPA,Attendance,Internships,Projects,Coding_Score,Aptitude_Score,Backlogs,Certifications,Placed
S0494,7.65,90.6,0,1,42.5,86.1,0,3,Yes
S0017,7.57,72.1,3,2,78.7,72.3,0,1,Yes
S0289,6.91,83.3,2,1,69.8,66.0,0,1,Yes
S1005,7.2,93.4,0,4,82.8,49.4,0,5,Yes
S1238,,77.4,1,2,64.7,66.6,0,3,Yes
S1062,8.65,80.5,1,0,87.1,71.1,0,0,Yes
S1357,6.82,79.3,0,4,69.4,68.5,0,0,Yes
S1030,8.25,74.0,1,0,65.2,64.9,0,1,Yes
S0906,9.26,61.9,0,7,54.8,42.0,0,3,Yes
S0689,6.74,100.0,1,3,90.7,76.6,0,0,Yes
S1082,,90.6,1,3,64.0,52.2,0,1,Yes
S1475,7.01,81.3,1,2,,74.4,3,0,  yes 
S0084,6.82,72.3,0,2,39.1,69.4,1,2,No
S0738,8.01,79.0,0,2,,27.3,0,2,Yes
S0709,6.98,86.7,2,1,45.2,65.0,1,2,No
S0530,8.76,74.7,1,2,47.4,77.3,0,2,Yes
S0358,7.47,91.5,1,2,57.8,82.0,0,2,Yes
S0071,5.92,80.3,4,3,83.4,40.9,0,6,Yes
S0500,5.7,100.0,1,1,25.6,60.0,1,0,No
S0830,4.53,91.0,1,4,46.7,69.8,1,0,No
S0905,6.58,70.5,1,6,38.5,69.5,0,1,Yes
S0832,8.76,62.9,2,1,58.8,83.7,0,4,Yes
S0222,7.44,64.6,0,2,62.0,66.1,1,1,No
S0936,7.79,69.5,1,3,51.6,59.6,0,0,Yes
S1406,7.89,80.5,1,3,49.5,41.2,0,2,No
S0401,7.02,73.9,1,1,37.4,40.3,0,0,No
S0329,6.03,,1,6,43.7,87.5,1,0,NO
S0070,7.01,62.5,0,3,,47.0,0,2,No
S1415,8.57,83.9,2,3,72.9,43.2,0,4,Yes
S1329,7.08,61.7,2,4,60.3,87.4,0,4,Yes
S1307,6.2,99.0,0,1,51.5,49.7,0,0,No
S0062,6.87,81.5,0,2,49.8,48.8,0,1,No
S0838,8.63,89.2,1,4,,78.6,1,0,Yes
S1036,7.2,91.5,0,2,52.1,61.0,1,1,Yes
S0671,7.98,70.6,0,2,36.1,56.0,0,0,No
S0657,6.33,83.7,1,2,,74.7,3,1,No
S0769,5.92,59.7,2,4,42.1,54.9,1,3,No
S0801,6.35,74.6,0,2,37.4,49.4,0,1,No
S0051,7.49,62.8,2,4,34.7,53.0,1,4,Yes
S1168,9.0,77.0,0,2,100.0,82.8,1,1,Yes
S0922,6.33,76.9,1,2,53.1,67.4,0,1,Yes
S0505,4.24,64.5,1,1,31.0,73.0,4,1,No
S0881,7.43,77.0,1,4,35.6,46.1,1,1,No
S1178,7.35,85.6,1,2,73.9,66.9,2,0,Yes
S1211,,79.4,1,3,81.4,67.0,0,3,Yes
S0601,7.72,82.8,0,3,,44.2,0,2,Yes
S0270,7.2,100.0,1,0,31.1,69.0,0,1,No
S0104,7.94,64.4,0,0,59.9,49.7,0,0,No
S0805,8.49,84.1,0,2,67.5,80.1,1,3,Yes
S0240,6.67,81.2,1,1,52.8,82.4,0,1,No
S0839,9.04,91.5,1,3,51.5,65.4,0,1,Yes
S0189,5.83,78.4,2,1,,37.3,2,1,No
S0572,7.13,64.5,1,2,45.4,76.5,0,3,Yes
S0649,7.36,76.0,1,2,64.9,74.9,0,4,Yes
S0305,7.14,81.0,0,4,57.3,49.2,1,2,No
S0806,8.3,74.6,3,3,91.5,48.7,0,3,Yes
S0793,7.71,93.2,0,2,56.5,68.6,0,1,Yes
S0781,7.15,93.6,1,1,48.6,49.7,0,1,Yes
S0931,7.21,63.3,1,4,,34.8,1,0,Yes
S0086,7.69,62.2,2,5,51.8,56.9,0,2,Yes
S1042,8.17,84.5,4,1,70.9,59.9,1,1,Yes
S1433,6.33,93.0,2,3,51.2,60.9,1,2,Yes
S1174,6.2,85.3,1,2,42.3,28.4,1,1,No
S0593,9.02,81.5,1,5,70.3,65.1,0,2,Yes
S1191,,65.9,0,1,94.5,67.1,0,0,No
S0852,6.71,86.8,0,3,59.4,62.7,0,1,No
S1383,6.88,88.3,1,2,39.7,75.6,1,1,No
S1459,8.99,82.0,2,2,48.6,51.6,0,2,Yes
S0230,6.91,80.4,1,1,43.2,72.0,1,1,No
S0195,6.09,66.3,0,2,60.8,67.7,1,1,Yes
S0005,5.25,77.7,0,4,,41.4,1,0,No
S1348,6.47,73.2,0,3,63.2,27.2,2,2,No
S0847,10.0,78.1,0,5,64.4,80.4,0,1,Yes
S1032,7.4,86.0,2,6,54.2,47.2,1,4,Yes
S1265,7.15,74.0,1,6,48.8,65.6,0,1,Yes
S0390,5.79,86.0,2,3,48.9,46.9,1,2,Yes
S1209,9.48,83.3,0,2,57.9,100.0,0,1,Yes
S1349,8.12,88.6,1,5,46.8,83.1,0,1,Yes
S0499,5.21,74.2,1,5,50.0,51.8,4,0,No
S1159,4.75,78.0,0,2,42.0,57.9,2,0,No
S0488,7.63,71.6,0,3,34.1,85.0,0,3,Yes
S0609,5.51,71.2,0,2,33.5,68.6,0,5,No
S1376,7.56,55.3,2,1,69.4,66.4,0,1,Yes
S1380,8.67,84.4,1,6,51.2,79.3,0,1,Yes
S0430,7.59,88.1,0,4,33.5,68.6,0,0,Yes
S1494,6.13,100.0,0,1,57.5,64.5,2,0,No
S0486,7.03,76.8,0,2,40.3,60.2,2,0,No
S0714,7.19,99.6,1,4,69.8,53.0,0,2,Yes
S1055,5.82,84.3,0,2,66.3,,2,0,No
S0791,6.45,84.9,0,1,46.0,43.1,0,1,No
S0954,6.04,70.9,0,2,23.8,64.0,0,0,No
S1019,6.86,86.1,3,2,65.9,56.2,0,2,Yes
S0744,5.34,90.4,1,0,26.7,36.9,0,0,No
S1258,7.16,83.6,0,2,36.1,58.4,0,2,No
S1156,7.31,73.6,0,7,43.4,63.6,0,0,No
S1089,7.85,83.4,0,1,71.5,69.3,0,3,Yes
S0351,7.57,72.9,0,0,48.9,41.0,1,2,No
S0294,4.63,76.7,1,1,,32.1,2,1,No
S0824,5.08,80.1,1,1,50.9,27.7,1,0,No
S0100,6.29,68.3,1,2,34.7,39.6,0,1,Yes
S1268,7.86,99.3,1,4,57.3,56.9,0,2,Yes
S1384,7.04,92.5,1,6,69.5,74.5,0,0,Yes
S0267,7.36,66.6,1,4,72.3,45.8,0,1,Yes
S0935,7.51,77.3,0,1,59.5,57.9,0,2,Yes
S1338,7.86,82.5,0,2,57.1,82.0,0,2,Yes
S0375,7.75,68.3,0,3,72.9,64.4,0,4,Yes
S1120,6.21,98.2,2,2,56.0,54.1,1,2,Yes
S0719,6.85,72.9,0,2,39.0,59.7,1,2,No
S0171,6.55,79.0,0,4,73.9,73.5,0,3,Yes
S0788,7.0,100.0,1,3,81.2,49.3,1,2,Yes
S0356,7.43,72.4,0,4,,40.2,0,1,No
S0443,7.56,66.5,0,2,45.7,59.0,0,2,Yes
S0493,6.91,82.5,0,4,63.2,77.4,0,2,Yes
S1154,6.64,70.9,0,3,17.3,52.3,0,1,Yes
S0920,5.32,54.4,0,3,43.6,37.2,1,0,No
S0194,8.66,74.1,2,1,73.1,76.0,0,2,Yes
S1245,8.24,91.2,1,2,63.0,70.2,0,2,Yes
S1323,7.18,,1,3,52.5,65.7,1,2,No
S0897,6.52,75.1,2,2,30.4,37.6,2,2,No
S1445,7.06,78.5,1,4,67.9,59.3,1,3,Yes
S0322,7.01,88.5,1,3,32.6,89.0,2,2,No
S1411,6.78,74.7,0,3,22.9,80.9,0,0,No
S1319,5.71,88.3,0,0,15.3,39.8,0,2,No
S0990,6.72,80.0,1,4,65.4,75.9,1,0,No
S1455,8.67,56.6,0,4,79.5,60.8,0,0,Yes
S1053,7.31,75.2,0,0,65.0,64.5,0,1,No
S0264,6.64,68.4,1,0,30.8,48.4,1,0,No
S0986,7.83,78.7,0,2,61.9,52.4,0,3,Yes
S1015,6.15,81.4,0,2,32.8,41.8,0,3,No
S1372,8.03,72.5,1,2,51.9,71.3,0,2,Yes
S0473,6.92,81.2,0,5,41.9,53.4,0,1,No
S0141,7.61,63.8,1,2,50.8,61.4,0,1,Yes
S1356,7.67,97.3,3,1,57.1,54.7,0,5,Yes
S0412,4.87,85.6,1,3,37.6,43.4,3,2,No
S1375,7.18,81.3,0,1,45.5,69.4,2,2,No
S0350,8.68,87.3,0,2,54.6,83.6,0,1,Yes
S1474,4.94,73.6,0,3,45.1,58.3,2,2,No
S0624,6.58,80.7,0,2,38.5,67.9,0,2,Yes
S0333,6.5,67.7,0,1,73.5,73.5,1,1,Yes
S0318,6.5,90.3,0,3,31.8,56.3,1,0,Yes
S1117,8.33,,0,5,58.9,81.0,0,0,No
S0199,7.19,60.9,1,1,36.7,80.3,0,0,No
S0217,7.74,73.6,1,2,56.2,43.5,0,0,Yes
S0870,7.15,88.7,1,1,68.4,65.7,0,2,Yes
S0291,6.95,61.8,0,1,38.5,51.7,0,3,No
S1224,7.98,,0,1,76.6,86.8,0,2,Yes
S0549,85.0,,1,2,76.7,47.8,0,0,Yes
S0938,7.11,83.0,2,1,37.3,63.6,0,2,Yes
S0132,5.82,70.9,0,4,43.4,51.0,1,1,No
S1493,6.58,79.4,2,4,66.3,60.8,3,0,No
S0205,5.15,82.6,2,3,40.0,69.5,0,1,No
S0711,7.19,88.7,1,4,38.6,68.5,0,4,Yes
S1206,85.0,78.1,1,4,54.3,58.2,1,0,Yes
S0886,7.49,73.2,0,2,49.6,66.2,1,0,No
S0319,8.19,85.3,2,2,47.8,69.4,0,0,No
S1414,8.46,55.4,0,0,59.7,100.0,0,2,Yes
S0265,7.67,68.4,2,4,55.1,65.1,1,2,Yes
S0726,8.66,82.6,0,4,40.6,56.1,0,1,Yes
S0895,6.89,70.2,1,5,72.5,70.5,0,2,Yes
S1395,5.33,72.7,0,1,67.8,78.0,2,2,Yes
S0122,,80.5,2,1,53.3,55.1,0,3,No
S1431,6.93,71.8,2,3,,46.8,1,2,Yes
S0720,6.18,63.7,2,5,43.8,63.6,1,2,No
S0158,8.18,60.6,1,2,75.4,65.6,0,2,Yes
S0587,6.02,79.0,4,4,85.5,38.6,0,1,Yes
S0403,8.02,86.6,0,4,64.3,,0,5,Yes
S0855,7.48,67.0,0,6,56.6,42.8,1,1,Yes
S0066,7.99,73.0,0,1,68.6,52.7,1,1,Yes
S0200,7.04,82.2,0,4,54.4,66.6,0,1,Yes
S0612,7.44,85.5,0,7,,53.7,0,1,Yes
S0028,7.57,78.1,0,2,79.6,48.4,0,0,Yes
S1333,8.08,90.7,1,3,59.8,74.1,0,2,Yes
S0108,6.86,82.1,0,2,26.2,66.2,0,2,Yes
S1324,5.64,68.7,0,2,29.3,68.1,2,2,No
S0151,7.04,74.4,2,3,79.7,66.2,0,3,Yes
S1262,7.3,62.2,0,2,,59.0,1,1,Yes
S1334,7.47,69.0,0,2,44.9,71.9,0,1,Yes
S0417,,73.2,1,2,82.0,85.2,0,1,Yes
S0233,7.52,77.6,0,5,31.9,52.9,1,1,Yes
S0668,7.68,61.2,0,4,49.4,48.0,0,1,Yes
S0814,6.7,80.6,0,2,51.5,66.7,1,1,No
S1386,7.29,83.3,1,3,52.3,75.3,0,1,NO
S0569,7.75,85.8,0,4,39.5,71.3,0,0,Yes
S0198,6.81,100.0,0,1,,75.9,0,2,Yes
S0426,6.84,66.9,1,5,59.9,54.8,0,0,Yes
S1461,8.16,66.0,1,3,74.6,78.9,0,3,Yes
S0378,85.0,99.9,0,2,42.6,46.1,2,2,No
S1326,8.17,78.7,0,0,29.6,47.2,0,2,Yes
S0979,85.0,88.4,1,3,,56.3,2,1,Yes
S0571,5.75,76.2,0,1,38.9,38.4,2,4,No
S1205,6.55,82.3,0,6,23.2,46.3,0,3,Yes
S0472,6.79,76.6,0,2,59.4,69.0,3,1,No
S0594,5.55,89.0,1,5,47.1,40.0,1,1,Yes
S0004,8.14,83.6,0,1,46.7,90.8,0,0,Yes
S1425,7.38,72.6,1,3,58.4,73.7,0,0,Yes
S0896,8.25,67.2,2,5,85.5,58.6,0,0,Yes
S1405,6.62,75.5,0,4,75.4,,2,1,No
S1158,8.67,69.5,0,4,64.8,45.4,0,2,Yes
S1423,7.59,66.0,2,4,64.3,55.3,0,0,Yes
S1227,7.93,70.0,0,3,37.9,30.2,0,0,No
S0747,9.0,62.6,1,0,60.7,78.6,0,3,Yes
S0523,8.54,81.4,0,5,43.3,77.9,1,0,No
S0149,8.27,78.0,0,3,96.8,67.7,0,0,Yes
S0317,7.27,87.3,1,3,49.2,71.2,1,1,No
S0161,6.23,100.0,1,3,,52.0,0,0,No
S0966,5.84,71.5,1,4,65.0,67.5,1,2,Yes
S0479,7.21,97.3,0,0,52.7,39.4,2,2,Yes
S1016,6.18,73.5,0,2,61.4,31.1,1,3,Yes
S0819,7.47,100.0,0,2,63.1,57.5,1,1,No
S1361,6.82,63.8,1,2,71.4,52.8,1,2,Yes
S0639,7.78,,1,1,46.8,95.9,0,3,Yes
S0113,6.61,79.5,0,1,78.2,53.0,1,1,No
S0885,6.11,87.5,3,2,55.3,57.0,2,3,No
S0082,6.54,78.3,0,1,43.7,48.4,1,1,No
S0611,6.17,84.3,0,7,60.4,71.0,0,7,Yes
S0145,6.39,63.6,0,7,,71.8,0,2,No
S1240,8.75,95.3,1,4,60.4,80.7,0,3,Yes
S0680,7.03,75.9,1,4,49.0,49.0,1,3,No
S1358,6.69,81.4,1,2,52.1,61.1,0,0,Yes
S0374,8.04,66.9,3,2,64.9,75.3,0,1,Yes
S0655,7.79,82.5,2,1,85.1,95.6,0,1,Yes
S1103,7.8,79.0,0,1,35.4,81.1,0,2,Yes
S1044,7.3,88.7,0,1,45.5,85.4,0,0,Yes
S0138,8.04,90.7,1,4,47.2,49.6,0,0,No
S0092,7.1,64.5,1,4,72.6,47.1,0,1,Yes
S1153,7.47,94.2,0,2,71.5,52.6,0,0,Yes
S0353,6.63,76.7,1,5,36.8,47.9,1,1,No
S1189,7.81,94.2,2,3,69.7,44.0,0,1,Yes
S0382,8.51,95.6,0,0,33.5,,0,2,Yes
S1441,6.54,98.1,0,1,34.9,72.8,1,0,No
S0002,6.16,73.1,1,4,40.9,72.4,1,0,Yes
S1252,8.72,75.7,1,4,65.9,77.9,0,1,Yes
S0841,9.11,96.3,0,4,24.1,61.7,0,2,Yes
S0932,7.65,91.3,0,4,39.1,65.6,0,1,Yes
S1232,6.08,65.7,0,0,18.8,37.1,0,1,No
S0379,8.8,95.7,0,5,78.2,68.9,0,3,Yes
S1373,7.6,68.2,1,3,62.8,66.0,0,1,Yes
S0943,7.69,69.3,1,4,50.6,54.2,0,2,Yes
S1399,7.78,70.5,3,1,92.6,53.9,0,0,Yes
S0676,7.55,80.6,1,2,76.5,50.6,0,1,Yes
S0636,6.91,76.1,0,1,49.3,48.1,4,1,Yes
S1308,8.43,58.9,0,3,46.2,43.6,0,3,Yes
S0188,5.98,82.7,2,0,47.2,58.5,0,2,No
S0088,7.21,90.4,1,1,70.7,61.3,3,0,No
S0540,6.41,83.2,0,3,50.4,48.9,1,5,No
S0809,6.88,94.2,0,3,77.1,58.7,2,2,No
S0344,7.61,63.5,2,4,68.6,62.8,0,4,Yes
S0643,9.25,100.0,1,3,73.1,87.3,0,0,Yes
S1255,6.47,91.9,0,0,16.7,47.7,0,1,No
S0007,7.33,56.8,0,1,50.4,71.7,0,1,Yes
S0249,10.0,74.6,1,2,52.2,100.0,0,2,Yes
S0902,7.3,90.8,0,2,25.9,62.7,1,1,No
S0032,6.79,83.4,2,2,54.8,,4,1,No
S0248,9.04,83.5,0,2,56.0,57.8,0,1,Yes
S0325,9.02,70.3,0,4,76.7,60.6,0,1,Yes
S1137,7.26,76.4,2,3,59.3,,1,4,Yes
S0850,8.17,88.2,0,1,76.6,73.5,1,2,Yes
S0181,8.51,63.5,2,3,73.2,63.4,0,1,Yes
S0670,4.64,73.2,2,3,34.1,40.0,1,0,No
S1438,4.24,95.6,2,1,41.6,37.4,0,0,No
S1048,7.74,100.0,1,1,49.9,55.6,0,0,Yes
S0877,7.19,,0,4,39.2,53.5,0,2,Yes
S1351,6.95,78.3,2,4,50.3,62.6,0,1,Yes
S0187,7.38,74.1,0,5,46.4,67.7,0,2,Yes
S0510,7.67,86.9,0,3,57.4,55.6,0,2,Yes
S0269,7.25,69.9,1,3,61.5,69.4,0,4,No
S0582,6.04,84.3,0,1,25.6,67.2,0,1,No
S1286,7.45,81.0,1,4,70.0,81.6,0,1,Yes
S0775,7.21,81.4,0,3,50.2,78.5,0,2,Yes
S0465,6.08,71.9,2,5,49.3,71.7,1,1,No
S0167,8.13,82.5,1,0,52.3,56.1,0,1,Yes
S0980,7.64,76.9,1,1,66.9,48.8,0,2,Yes
S0087,6.73,54.2,1,3,17.0,75.6,2,1,  yes 
S0425,6.31,79.4,1,0,64.1,43.0,0,2,Yes
S1306,4.72,81.2,1,2,59.9,47.8,1,4,No
S1096,8.43,71.0,1,1,76.4,,0,2,Yes
S0449,8.31,70.4,1,3,62.4,76.2,0,1,Yes
S1367,6.07,85.6,1,3,35.3,54.0,3,3,Yes
S0124,8.56,92.9,0,2,46.7,64.1,0,2,Yes
S1170,6.84,72.8,0,3,4.4,,1,1,No
S0244,5.73,65.6,2,4,57.4,65.7,0,0,Yes
S0898,6.34,78.0,2,1,63.8,40.5,0,2,Yes
S1295,7.46,92.1,1,1,70.6,,1,1,Yes
S0491,8.29,84.3,0,4,24.7,53.0,0,1,Yes
S0170,7.16,72.3,2,2,78.4,72.3,1,1,Yes
S1171,6.05,87.6,1,3,49.3,49.2,1,2,No
S0963,,78.3,1,5,27.5,55.6,1,2,No
S1043,7.9,76.5,1,2,55.2,,0,4,Yes
S0955,6.49,75.5,2,2,50.7,47.7,0,0,Yes
S0304,,75.5,0,2,37.6,72.3,1,0,No
S0698,6.24,80.2,1,2,24.7,59.8,2,0,No
S0748,7.72,71.8,1,2,36.7,,0,2,Yes
S0263,7.43,73.1,1,3,58.1,63.2,0,1,Yes
S0058,8.69,88.5,0,2,56.6,92.7,0,2,Yes
S0250,6.03,89.8,1,6,43.0,60.5,2,0,Yes
S0029,7.61,56.5,1,4,66.2,62.2,1,3,Yes
S1285,7.26,84.2,0,0,50.2,46.6,0,3,No
S0020,7.15,58.7,1,4,65.5,,1,1,No
S1064,8.33,98.5,0,4,48.3,70.2,0,2,Yes
S0930,7.28,100.0,1,5,58.6,63.9,0,0,Yes
S1483,7.31,77.8,2,3,55.1,38.7,0,2,Yes
S1035,6.67,,2,1,56.2,51.5,4,1,No
S0478,6.06,82.4,0,4,28.2,25.5,2,1,No
S1343,7.64,86.4,1,2,51.8,65.4,0,1,Yes
S0212,5.87,55.0,2,4,54.6,51.9,0,2,  yes 
S1487,8.08,82.3,0,2,42.6,67.8,1,3,Yes
S1242,6.2,87.1,1,0,75.3,32.3,2,2,Yes
S0476,6.86,88.5,1,1,43.9,48.7,0,3,Yes
S0457,8.28,90.0,0,2,57.2,73.3,0,2,Yes
S1145,7.21,95.9,0,3,43.3,53.8,0,1,Yes
S0052,7.83,72.0,0,0,50.1,67.5,0,0,No
S1010,7.58,76.6,0,2,40.8,63.4,0,2,  yes 
S0585,7.91,91.2,3,2,53.7,,0,2,Yes
S1304,7.95,69.2,0,2,63.1,78.4,0,3,Yes
S0059,6.33,88.9,2,0,59.2,66.2,2,0,Yes
S1470,5.43,79.6,0,6,33.6,57.7,0,0,No
S0627,6.79,100.0,0,3,68.4,63.2,1,3,Yes
S0049,7.88,86.1,1,4,37.3,47.2,0,2,No
S1072,6.09,87.0,0,0,47.0,47.8,1,1,Yes
S0958,9.44,73.3,0,3,52.3,77.6,0,3,Yes
S0043,6.53,82.6,1,4,45.0,62.3,2,4,Yes
S1305,6.95,70.6,1,3,34.6,49.3,1,2,Yes
S0707,6.29,,1,1,65.3,84.7,1,0,No
S0878,6.98,,1,2,45.7,52.2,0,1,Yes
S1078,10.0,69.4,1,2,91.6,97.2,0,2,Yes
S0127,8.66,54.2,2,3,82.7,75.7,0,5,Yes
S0981,7.66,100.0,0,2,,64.6,0,0,Yes
S0880,7.17,79.0,1,1,45.2,58.0,0,3,Yes
S0974,7.82,86.4,0,4,56.7,66.7,0,1,Yes
S1318,,88.6,1,1,84.5,81.5,2,2,Yes
S0313,8.94,83.0,1,4,56.7,65.1,0,1,Yes
S0746,8.13,73.2,2,3,54.7,66.4,0,2,Yes
S0102,8.5,92.5,0,1,87.1,80.5,0,1,Yes
S0302,5.67,84.9,1,1,54.3,63.7,0,4,No
S1028,7.24,75.9,1,2,24.4,35.3,2,2,No
S0120,6.96,71.6,1,0,57.0,59.0,1,1,No
S0288,7.25,62.5,1,5,60.4,65.7,2,1,No
S0842,7.24,77.9,1,1,50.7,35.5,1,0,Yes
S1488,5.83,97.4,2,1,59.0,44.2,0,1,No
S0875,5.31,76.1,0,3,56.3,59.0,0,1,NO
S1249,7.03,78.2,2,3,50.6,47.3,2,0,No
S0340,7.81,70.1,1,2,91.4,65.0,0,1,Yes
S0820,6.06,77.0,0,0,52.2,53.5,0,2,NO
S0031,9.34,86.1,1,5,49.9,47.6,0,2,Yes
S1350,7.09,90.7,0,2,42.8,61.5,1,1,Yes
S1000,8.02,93.6,2,2,83.3,81.4,0,3,Yes
S0202,8.61,74.6,0,4,49.9,59.4,0,1,Yes
S0363,8.2,95.5,1,2,42.7,67.5,0,2,Yes
S0703,6.17,81.0,1,0,37.1,67.2,1,1,No
S0065,7.91,69.7,0,2,56.6,46.7,0,1,Yes
S1496,6.1,71.6,0,1,41.5,75.1,0,3,Yes
S0892,6.64,87.8,1,3,59.8,50.9,1,0,Yes
S0179,7.08,72.0,2,3,63.0,61.3,0,2,Yes
S1271,8.74,90.6,0,0,79.5,,0,2,Yes
S0229,6.35,80.8,2,2,41.2,55.5,2,1,No
S1250,5.64,88.2,1,2,43.7,46.8,1,2,No
S0081,7.66,93.1,0,3,66.7,62.0,0,1,Yes
S0989,,95.2,0,2,79.7,67.1,1,0,No
S1408,7.85,80.2,0,1,73.1,71.7,1,2,No
S1241,8.48,70.6,1,1,64.1,66.9,0,3,Yes
S0361,7.05,87.2,0,1,17.9,47.6,1,0,No
S0613,5.78,90.0,2,2,48.9,51.0,2,0,No
S1066,7.14,69.6,0,1,38.6,91.0,0,0,Yes
S0328,7.13,97.1,0,1,83.6,57.6,1,1,Yes
S0817,6.8,76.8,3,0,85.1,46.3,1,0,Yes
S0285,6.09,87.6,0,7,39.9,52.0,0,1,Yes
S0810,7.42,82.9,2,0,49.5,52.4,0,1,Yes
S1353,5.91,95.1,4,2,61.6,41.9,2,1,Yes
S0778,7.6,100.0,2,0,55.7,59.9,1,0,Yes
S0615,6.39,85.4,1,1,50.0,64.6,2,1,No
S0210,6.87,78.2,1,2,45.1,57.1,2,1,No
S0856,7.21,55.9,1,1,78.8,56.2,0,1,Yes
S1374,5.59,59.2,1,4,73.9,52.5,1,3,Yes
S0098,6.2,82.6,2,2,50.5,66.9,2,0,No
S0284,7.65,69.2,0,0,54.7,60.9,0,0,No
S1070,7.12,85.2,0,3,59.2,39.9,0,1,No
S0596,6.78,88.6,1,1,66.3,61.7,0,2,Yes
S0604,6.57,88.5,1,3,66.4,52.6,0,1,Yes
S0812,6.62,83.1,0,1,57.8,34.8,1,1,No
S0871,7.48,67.9,2,2,59.5,47.7,0,3,Yes
S1132,6.94,69.2,1,2,59.1,66.1,0,3,Yes
S1451,6.87,67.1,3,7,40.9,53.9,0,5,Yes
S0782,7.12,80.1,0,3,52.2,57.0,0,0,No
S1122,7.2,72.5,1,2,33.4,51.0,1,2,Yes
S1057,7.35,56.9,1,1,64.0,67.5,1,2,Yes
S0939,8.14,91.0,1,3,81.0,80.2,0,1,Yes
S0621,6.76,86.1,1,2,52.0,73.0,0,0,No
S0362,7.58,68.1,1,0,67.7,61.2,0,1,No
S0586,9.2,88.5,2,2,64.3,69.6,0,1,Yes
S1497,7.52,66.7,0,1,43.4,70.7,0,4,No
S0563,7.25,83.0,3,3,52.6,65.9,0,2,Yes
S0336,5.98,81.0,1,0,43.0,28.6,0,2,No
S0133,7.84,81.6,0,5,52.4,71.8,0,4,Yes
S1127,8.97,94.9,0,1,66.2,63.3,0,1,Yes
S0354,8.01,87.4,1,2,32.7,89.4,0,1,Yes
S0073,6.28,83.8,0,3,46.4,65.3,1,3,Yes
S0555,7.11,84.0,0,2,62.6,38.8,2,2,Yes
S0144,7.47,87.1,0,5,74.0,68.8,1,2,Yes
S0792,5.95,92.6,1,1,48.4,56.3,1,3,Yes
S1428,8.12,83.0,1,1,79.0,73.6,0,2,Yes
S1215,4.55,78.4,0,0,23.7,71.0,2,1,No
S0516,7.54,81.8,0,0,37.8,58.3,0,2,No
S0381,7.31,88.0,2,4,72.3,66.2,0,2,No
S0686,6.72,80.2,1,1,,52.0,0,1,No
S0290,7.1,91.2,0,1,28.4,54.0,0,3,No
S0315,8.03,81.9,0,5,57.6,60.0,0,1,Yes
S1001,7.14,86.1,1,3,71.1,68.4,0,3,Yes
S0846,7.57,69.3,0,8,44.5,65.7,1,2,No
S0945,7.49,89.0,1,4,69.6,47.7,1,3,Yes
S1286,7.45,81.0,1,4,70.0,81.6,0,1,Yes
S0597,6.68,89.6,0,3,31.9,53.6,2,2,No
S0335,7.23,86.4,0,3,40.5,54.4,0,2,Yes
S0209,6.32,91.3,1,7,26.3,41.4,0,2,Yes
S0708,7.76,84.8,0,3,62.4,78.4,0,0,Yes
S0408,8.03,81.6,0,3,38.2,71.7,0,1,Yes
S1071,7.0,100.0,1,5,31.7,57.4,1,1,No
S1398,7.02,80.9,1,3,55.0,56.4,0,1,Yes
S1083,7.63,79.0,1,4,67.3,65.0,0,1,Yes
S0730,6.08,83.1,0,4,50.9,63.2,2,2,No
S0155,7.15,77.4,0,2,50.9,60.3,1,1,Yes
S0647,7.82,69.6,2,1,54.5,58.3,0,2,Yes
S0176,7.37,62.2,2,4,44.1,55.9,0,1,No
S0008,6.88,79.5,0,1,51.4,48.6,2,1,No
S1148,6.82,74.4,1,1,60.2,57.9,0,5,Yes
S1364,8.06,100.0,1,2,51.0,65.1,0,0,Yes
S0567,7.04,,1,4,41.3,54.3,0,3,Yes
S0153,5.53,85.9,0,5,22.6,55.2,2,1,No
S0553,7.5,92.7,1,3,55.1,70.8,0,3,Yes
S1201,5.88,89.4,1,5,43.8,33.8,0,1,No
S1204,7.1,93.0,0,0,31.6,49.6,0,1,No
S0239,6.14,71.0,0,2,34.0,32.0,1,0,No
S0360,7.05,64.6,0,3,43.4,55.6,0,2,No
S0079,7.83,55.6,0,0,79.4,100.0,0,2,No
S0228,9.08,74.2,1,3,54.0,59.3,0,4,Yes
S0603,8.47,72.1,1,4,68.0,69.8,0,2,Yes
S0574,6.3,77.1,1,2,58.5,54.4,0,2,No
S0117,7.43,100.0,0,5,43.1,63.0,0,6,Yes
S0324,7.95,87.1,0,6,67.2,100.0,0,1,Yes
S0147,6.59,78.7,1,3,60.3,62.6,0,2,Yes
S0440,7.63,71.2,3,0,68.8,67.0,1,3,Yes
S1452,7.71,88.3,0,3,58.0,84.4,0,0,  yes 
S0960,7.61,58.9,1,1,71.9,45.4,0,2,No
S0174,5.97,85.0,2,3,30.0,60.8,2,0,No
S1327,7.49,100.0,2,2,51.5,52.5,0,1,Yes
S0800,7.24,76.6,1,2,27.0,61.1,1,0,No
S0047,8.07,60.4,0,4,67.4,62.9,0,3,  yes 
S1467,,95.5,1,5,43.4,61.0,2,4,Yes
S1298,6.54,77.2,0,2,56.1,34.0,2,2,No
S0752,6.9,79.1,0,2,47.5,39.3,0,1,Yes
S0148,7.06,92.9,1,3,66.1,84.3,1,3,Yes
S0415,6.92,93.1,1,3,70.5,100.0,0,0,Yes
S0154,6.71,75.8,0,2,46.5,65.6,1,0,No
S0578,8.45,80.6,1,2,63.0,71.5,0,6,Yes
S0762,7.84,71.4,1,3,59.4,48.8,0,4,Yes
S0428,8.92,68.8,1,3,56.0,61.6,0,3,Yes
S0165,,93.1,1,4,64.3,57.3,0,2,Yes
S1073,6.97,96.2,1,1,46.9,67.9,0,0,Yes
S1107,5.84,69.1,0,2,26.2,53.8,0,3,No
S0638,6.09,89.3,1,3,60.4,44.8,1,2,NO
S0566,7.94,78.1,2,3,94.8,58.4,0,2,Yes
S1342,7.63,92.1,1,2,,89.2,1,0,Yes
S1288,7.18,79.4,1,5,55.0,47.2,1,1,Yes
S0387,7.64,68.3,0,2,67.3,60.3,0,2,No
S0236,6.55,90.1,0,4,33.8,66.0,0,2,No
S0123,7.42,88.4,1,0,49.7,41.5,0,1,Yes
S0096,5.75,85.0,0,3,51.8,59.9,2,1,No
S0211,8.12,73.6,0,0,60.2,35.6,0,0,Yes
S0046,7.42,77.4,0,0,,50.0,0,1,Yes
S1102,7.81,95.5,0,2,59.4,51.4,0,2,Yes
S1235,7.53,79.7,3,4,69.5,79.5,0,2,Yes
S0163,9.33,78.9,0,4,67.2,55.9,0,0,Yes
S0383,5.6,75.0,0,3,17.4,83.4,0,0,No
S1039,8.01,86.8,0,1,60.0,77.3,0,1,Yes
S1259,8.94,88.3,0,2,73.2,62.8,0,1,Yes
S0459,7.53,76.8,0,1,54.7,40.0,1,1,Yes
S0710,7.85,75.2,0,2,70.0,83.3,0,0,Yes
S0996,7.55,100.0,2,3,58.3,65.5,0,1,Yes
S1443,5.81,80.3,3,8,83.8,67.7,1,2,No
S1347,7.53,73.8,1,3,72.1,41.6,0,1,Yes
S0753,6.18,87.4,0,0,17.5,62.6,2,1,No
S0191,8.92,74.1,0,2,15.3,75.3,0,2,No
S1228,6.62,78.1,2,2,,35.5,1,2,Yes
S0862,5.76,69.0,2,1,27.4,57.0,0,2,No
S0550,7.86,67.6,2,1,62.5,36.2,0,4,Yes
S0783,9.0,,1,2,61.5,72.0,0,0,Yes
S0598,8.01,71.2,0,2,61.6,,1,1,Yes
S0169,7.04,83.1,0,1,,88.6,1,3,No
S0256,7.98,86.9,1,1,54.4,61.2,0,2,Yes
S0092,7.1,64.5,1,4,72.6,47.1,0,1,Yes
S1335,7.61,85.4,2,2,45.7,51.2,0,2,Yes
S1281,8.39,96.5,0,5,49.0,72.5,1,1,Yes
S0844,7.11,77.9,1,1,34.3,42.7,0,2,Yes
S0825,5.34,53.8,0,2,34.5,39.7,2,2,No
S0891,6.37,58.4,0,3,29.2,52.8,0,1,No
S0588,6.36,74.9,1,1,46.2,56.3,1,1,No
S1208,6.32,48.5,1,3,41.6,45.6,3,1,Yes
S0251,6.83,71.5,3,2,86.0,53.1,1,3,No
S0371,7.21,89.6,1,3,61.2,52.5,1,0,Yes
S1486,6.39,75.1,0,1,25.3,50.7,1,2,No
S0170,7.16,72.3,2,2,78.4,72.3,1,1,Yes
S0074,7.7,79.9,0,2,55.7,62.9,0,2,Yes
S1289,9.2,73.7,2,3,56.9,75.4,0,0,Yes
S0041,7.94,77.1,2,0,73.1,67.1,0,2,Yes
S0779,7.26,74.0,0,2,82.5,64.2,1,0,Yes
S0912,7.6,97.3,1,2,76.8,54.4,1,0,No
S0394,7.66,,3,3,70.9,72.8,0,2,Yes
S0734,7.01,,1,7,47.6,48.1,0,2,Yes
S0575,7.39,80.6,1,2,42.6,71.6,2,3,Yes
S0957,6.72,91.0,0,3,64.4,55.6,1,1,Yes
S0424,5.72,92.4,2,4,33.8,65.4,3,1,No
S0348,7.79,67.7,1,2,24.7,43.1,0,1,No
S0867,5.86,92.3,0,0,45.2,38.4,1,2,Yes
S0422,6.36,91.3,0,2,40.6,48.6,1,3,Yes
S0607,7.96,95.4,1,3,65.4,,0,1,Yes
S1140,7.2,73.6,2,2,,54.6,1,1,Yes
S0756,8.34,67.0,1,4,68.4,49.0,0,1,Yes
S1251,,84.3,0,1,45.2,92.8,0,1,Yes
S0721,7.1,81.0,1,3,33.5,83.3,0,1,Yes
S1175,7.12,77.4,0,1,46.7,57.3,0,3,Yes
S0297,7.5,76.4,1,1,43.9,57.3,0,1,Yes
S1337,7.67,86.1,0,3,70.0,66.4,0,1,Yes
S0116,6.67,85.9,0,2,49.3,70.9,1,0,No
S1479,6.81,73.3,0,3,58.6,71.5,0,3,Yes
S0834,6.82,79.6,1,2,24.2,57.7,1,3,Yes
S0469,8.31,75.3,0,1,74.1,73.7,0,3,No
S0914,6.58,,0,3,42.9,70.0,2,4,No
S0451,7.07,80.6,1,2,29.8,59.6,1,3,No
S1125,7.02,73.9,2,2,75.4,70.3,1,1,Yes
S1363,5.47,71.4,1,6,59.1,57.7,4,2,No
S1143,5.2,69.3,1,1,85.5,74.9,6,0,No
S0515,7.99,97.5,0,5,58.7,62.4,0,1,Yes
S0483,7.29,80.3,0,5,50.6,67.1,2,1,No
S0797,8.2,,4,2,72.5,58.3,0,1,Yes
S0741,8.2,93.5,1,8,45.5,68.1,0,1,Yes
S1264,6.75,89.8,0,6,51.2,37.6,0,1,Yes
S0388,7.72,82.2,0,2,44.2,91.8,0,0,Yes
S0203,7.29,81.6,1,1,44.8,91.2,0,3,Yes
S0503,6.48,84.8,0,2,34.8,47.4,3,1,No
S1401,8.38,73.8,1,2,67.9,62.3,0,3,Yes
S1182,8.05,77.6,1,1,37.1,69.5,1,4,Yes
S1260,6.72,89.6,1,2,31.3,53.5,1,1,Yes
S0110,5.47,75.8,2,1,56.9,44.1,3,2,No
S0143,,53.4,0,2,30.4,53.9,3,0,No
S1354,7.55,82.7,0,3,54.7,77.6,1,2,No
S0978,6.79,82.3,2,3,59.1,61.2,1,0,No
S0159,,88.3,2,1,59.8,17.3,0,2,Yes
S0672,7.47,68.1,1,6,74.0,65.5,1,1,Yes
S1418,8.2,100.0,2,4,58.7,73.1,0,2,Yes
S0713,,94.2,1,0,29.9,39.8,4,1,No
S0215,6.87,68.9,2,1,79.9,100.0,1,2,Yes
S1310,,64.9,1,2,86.7,85.1,1,2,Yes
S1131,6.31,81.0,1,1,48.0,25.1,0,1,  yes 
S1400,5.79,88.9,1,3,15.0,49.7,0,1,No
S0617,7.91,80.7,0,2,62.7,66.3,0,1,No
S0331,8.71,88.2,0,1,37.2,56.5,0,2,Yes
S0704,7.14,86.7,1,1,75.7,38.2,0,3,Yes
S0982,5.67,70.3,1,1,61.5,64.1,1,1,NO
S1138,7.24,77.6,3,1,74.6,60.9,0,1,Yes
S0429,5.82,89.5,3,3,57.6,55.2,1,1,No
S0579,6.95,56.3,1,2,30.5,38.2,1,1,No
S1161,6.01,68.9,0,2,43.2,54.2,0,1,No
S1127,8.97,94.9,0,1,66.2,63.3,0,1,Yes
S1105,6.1,93.0,0,2,40.1,53.3,2,3,No
S1218,4.95,81.8,0,4,18.0,57.4,4,3,No
S0900,5.66,86.5,0,1,35.0,52.0,0,1,No
S1469,5.77,100.0,0,4,47.2,50.0,2,2,Yes
S0448,6.87,70.0,1,4,66.6,48.9,0,1,Yes
S0751,7.21,68.6,2,3,71.9,55.8,0,2,No
S0675,8.04,83.7,0,3,47.1,70.4,0,2,Yes
S1076,7.43,84.2,0,5,43.6,82.7,0,5,No
S0517,7.87,79.7,0,4,71.4,58.2,1,1,Yes
S0564,6.43,84.2,1,5,20.7,36.4,1,1,No
S0273,7.1,65.8,0,4,44.2,46.8,1,2,No
S0632,9.75,100.0,2,1,61.2,74.3,0,2,Yes
S0140,10.0,77.8,2,3,88.8,71.2,0,2,Yes
S1270,7.79,88.5,4,2,42.9,50.2,0,2,Yes
S0764,7.84,77.9,0,1,33.7,55.6,0,2,No
S1458,7.29,81.3,1,1,67.7,32.2,0,3,Yes
S0432,7.67,75.6,2,2,24.1,66.9,0,0,Yes
S0860,7.87,97.3,1,1,31.9,56.9,0,6,Yes
S0903,7.05,83.1,2,1,80.2,73.8,2,0,Yes
S1432,,89.6,1,4,49.0,40.4,1,2,No
S0761,8.45,53.8,1,0,70.0,82.3,1,1,Yes
S0822,8.64,93.8,1,1,51.4,85.7,0,1,No
S1391,6.53,71.0,0,4,50.4,90.3,4,2,No
S0857,7.54,81.7,1,4,69.1,44.2,0,0,Yes
S1180,7.62,85.0,1,3,43.7,61.4,0,1,No
S0872,6.19,77.4,0,3,51.8,66.4,1,2,Yes
S1194,7.95,76.0,1,2,46.3,56.8,0,1,Yes
S0816,7.51,84.0,1,0,48.1,40.9,0,2,Yes
S0129,,84.1,0,2,38.7,37.6,1,2,No
S0009,7.18,,1,2,88.4,57.1,0,1,Yes
S0312,7.64,58.3,3,4,65.1,52.6,0,1,Yes
S1279,,85.1,1,0,49.5,64.1,0,0,Yes
S0527,8.66,86.2,1,7,69.2,64.8,0,1,Yes
S1088,5.66,95.5,0,3,48.3,49.9,4,2,No
S0688,8.7,74.8,1,2,49.4,60.0,0,1,Yes
S0207,6.36,75.0,0,5,40.6,68.6,4,5,No
S1454,6.8,52.3,2,4,50.9,55.0,0,0,No
S0948,4.27,75.0,1,2,48.1,59.4,5,3,No
S0634,5.26,83.6,3,3,57.8,52.5,2,2,No
S0204,7.84,54.4,2,1,81.4,75.0,0,1,Yes
S0055,6.73,64.9,2,4,86.1,80.0,0,3,Yes
S1129,6.96,71.0,0,2,9.9,60.7,2,2,No
S0489,6.35,71.1,4,1,78.3,60.6,1,0,Yes
S0541,5.51,90.1,1,2,52.4,46.0,1,0,Yes
S0964,,66.9,0,3,54.6,49.4,0,2,Yes
S0190,8.85,89.6,1,3,69.7,65.7,1,1,Yes
S0109,8.04,77.6,2,2,71.2,68.8,0,0,Yes
S0538,8.35,91.0,1,4,85.0,52.6,0,2,Yes
S0522,6.31,71.3,0,4,21.0,65.1,0,1,No
S0616,5.92,77.1,2,3,52.7,,2,2,Yes
S0551,7.59,88.4,1,4,76.3,60.7,0,2,No
S0023,8.42,77.4,1,3,63.6,70.0,0,1,Yes
S0377,6.99,88.0,0,8,53.9,49.7,0,0,Yes
S1239,7.82,100.0,1,2,66.9,76.7,0,1,Yes
S0595,5.92,81.0,1,2,89.0,39.4,1,0,Yes
S1491,6.58,87.0,2,2,69.1,49.3,0,1,Yes
S0206,,100.0,0,2,44.7,56.3,0,3,No
S0094,7.12,72.0,0,4,19.6,72.4,0,2,No
S0225,7.29,92.4,2,3,78.7,63.9,1,1,Yes
S1200,6.14,70.5,1,3,41.9,29.0,0,2,No
S1346,9.51,68.5,1,4,62.9,73.7,0,2,Yes
S1261,8.2,72.4,1,1,76.9,54.9,0,1,No
S1142,4.88,79.0,0,2,,48.3,4,1,No
S0441,7.01,,2,3,68.6,71.0,0,0,Yes
S0589,7.44,73.1,2,2,58.1,29.8,0,2,Yes
S0889,4.7,92.4,1,2,31.6,84.0,2,1,No
S0745,7.3,85.4,2,1,31.8,61.3,0,3,No
S1169,6.79,79.8,0,4,73.4,45.4,0,1,Yes
S0093,6.78,78.1,0,4,49.5,56.9,0,3,Yes
S1482,7.76,,1,3,39.3,75.3,0,3,No
S1484,7.53,82.9,0,6,36.8,66.6,0,4,Yes
S0271,6.48,75.0,0,4,48.9,54.2,1,0,No
S1269,7.85,89.1,0,1,47.8,77.2,0,1,Yes
S1084,7.26,83.7,0,4,51.9,58.8,0,5,Yes
S0076,7.89,66.1,0,0,15.9,59.4,0,1,No
S0985,7.57,78.9,1,4,52.8,32.4,1,0,Yes
S1160,5.78,84.9,0,2,26.8,57.9,1,1,No
S0336,5.98,81.0,1,0,43.0,28.6,0,2,No
S1195,9.13,95.4,1,4,91.1,57.8,0,3,Yes
S0561,7.13,64.1,1,4,68.0,18.4,1,3,NO
S0956,8.57,81.0,2,1,69.8,61.0,0,6,Yes
S1135,7.04,92.5,1,1,37.4,82.0,0,1,No
S0917,8.64,71.8,0,5,43.6,57.8,0,0,Yes
S0247,6.1,73.7,3,2,33.6,81.6,2,2,No
S0807,7.07,100.0,1,4,64.1,76.7,2,1,No
S1060,7.64,96.4,0,1,54.8,94.6,1,1,Yes
S0470,6.24,88.8,0,3,28.1,61.9,3,0,No
S1166,6.34,81.3,1,2,30.9,50.2,1,1,No
S1394,7.66,72.7,1,5,77.7,53.6,0,4,Yes
S1152,8.16,59.1,0,2,53.9,76.5,0,3,No
S0131,6.81,66.6,3,4,58.4,,1,3,No
S1272,8.65,86.3,1,5,60.2,53.7,0,4,Yes
S0025,6.77,75.3,0,3,18.5,56.3,1,2,No
S0584,6.13,81.7,1,5,32.3,61.5,1,1,No
S0392,,71.4,1,2,80.9,52.9,0,0,Yes
S0728,7.97,86.4,1,1,87.7,84.4,0,0,Yes
S0690,6.78,86.0,1,4,,50.6,0,2,Yes
S1388,6.11,81.6,1,0,21.1,82.4,1,0,No
S1217,5.39,81.3,2,6,47.8,67.4,4,2,No
S0026,6.85,91.9,0,2,43.5,75.8,0,2,Yes
S0156,8.97,62.8,0,2,45.9,75.6,0,0,Yes
S1449,6.89,88.0,1,6,61.5,57.9,2,1,No
S0899,7.68,72.9,2,7,65.5,69.6,0,5,Yes
S0543,7.45,100.0,1,4,67.2,39.4,1,1,Yes
S1275,6.58,75.3,1,3,63.0,40.2,1,4,Yes
S1316,9.04,74.1,0,3,62.2,50.2,0,0,Yes
S0678,7.62,85.6,1,3,54.1,60.2,0,3,Yes
S1134,8.58,,1,5,62.7,,0,0,Yes
S0717,5.64,80.1,0,5,41.6,23.3,2,0,No
S0446,,60.2,1,0,57.2,27.4,2,1,No
S0693,8.15,69.0,1,2,,61.6,0,0,Yes
S1366,7.58,66.2,0,3,63.4,67.0,0,3,No
S0976,6.16,80.4,1,5,23.6,86.9,1,1,Yes
S0180,7.49,76.9,2,0,48.0,45.7,0,3,Yes
S1086,6.79,90.9,2,8,60.2,60.7,2,1,Yes
S1368,8.53,96.8,1,6,75.5,87.0,0,1,Yes
S1350,7.09,90.7,0,2,42.8,61.5,1,1,Yes
S0011,8.08,80.7,0,2,72.9,52.8,0,1,Yes
S0355,8.27,85.2,0,3,59.8,61.2,0,1,Yes
S0068,6.74,81.8,1,3,70.1,56.2,1,1,No
S0988,7.53,89.3,2,2,85.9,75.4,0,2,Yes
S0146,6.78,80.6,2,2,42.9,78.6,0,0,Yes
S1098,7.69,83.2,1,2,39.2,67.9,1,3,Yes
S0416,7.4,46.5,1,2,68.4,82.7,0,1,Yes
S1352,7.76,95.7,0,4,66.7,46.3,0,0,Yes
S0507,9.62,79.0,1,5,48.9,69.3,0,0,Yes
S0301,8.93,79.6,0,3,60.2,47.5,0,0,No
S0524,7.01,79.2,0,3,65.9,50.1,0,1,No
S1478,5.74,78.6,0,1,6.0,52.2,1,0,No
S1141,8.92,86.5,0,3,74.4,36.5,0,1,Yes
S0438,6.13,67.2,2,4,56.0,67.1,0,1,Yes
S1176,5.6,84.0,0,1,49.9,45.0,0,3,No
S0823,6.04,92.5,0,7,34.3,83.3,1,3,Yes
S0854,7.23,82.2,3,2,89.1,83.0,1,1,Yes
S0139,9.2,80.1,3,2,100.0,82.1,0,2,Yes
S1243,8.88,70.9,2,1,71.4,66.2,0,0,Yes
S0196,6.31,84.5,1,1,56.8,53.8,0,1,Yes
S1434,5.56,91.6,2,5,35.0,58.5,1,1,No
S0450,7.58,130.0,1,3,54.3,53.2,0,2,Yes
S0826,7.23,85.7,1,3,54.1,70.9,0,3,Yes
S1210,7.5,78.8,0,3,58.8,58.8,0,0,Yes
S1421,6.98,72.1,2,0,83.3,56.1,1,4,No
S1021,7.54,77.6,0,2,61.9,44.3,1,3,Yes
S0175,5.92,,0,3,50.0,45.4,0,2,Yes
S0223,7.38,72.7,1,2,54.5,43.0,0,2,Yes
S0255,,92.1,1,2,59.8,53.9,0,1,Yes
S1390,6.28,76.3,1,3,36.5,47.6,0,0,No
S0386,6.41,82.9,0,2,56.6,73.3,0,2,No
S0843,8.95,57.4,1,1,64.3,83.9,0,1,Yes
S1436,7.12,49.9,3,1,57.3,79.4,0,2,Yes
S0775,7.21,81.4,0,3,50.2,78.5,0,2,Yes
S1369,8.45,80.7,1,4,68.0,84.7,0,3,Yes
S0035,7.82,,3,3,81.4,66.6,0,0,Yes
S0712,7.9,90.8,0,1,37.2,58.1,0,0,Yes
S0821,6.72,84.6,0,1,24.6,73.1,2,2,Yes
S0266,8.21,78.4,3,4,55.6,65.3,0,1,Yes
S0558,6.17,60.1,2,3,,54.6,0,2,Yes
S0090,7.65,75.0,0,0,78.8,67.4,0,0,No
S1480,8.91,100.0,0,2,63.7,70.5,0,0,Yes
S1219,6.0,91.4,2,2,54.5,68.6,0,0,No
S0731,7.65,85.3,3,4,67.5,81.3,1,1,Yes
S0001,7.5,,4,2,65.5,70.9,0,0,Yes
S1068,7.66,84.8,2,3,68.2,79.5,0,1,Yes
S0614,7.65,82.2,1,1,81.8,60.4,0,3,Yes
S0006,5.9,85.5,2,2,45.7,28.8,0,2,No
S0343,7.27,89.7,1,1,52.5,60.8,0,1,Yes
S0904,8.79,72.3,0,3,68.5,,0,0,Yes
S0102,8.5,92.5,0,1,87.1,80.5,0,1,Yes
S0750,,92.8,1,4,67.3,71.9,1,2,Yes
S0040,7.85,96.7,2,1,89.7,66.8,0,3,Yes
S0529,7.46,82.3,3,0,51.6,54.1,0,0,Yes
S0666,5.49,93.7,1,3,66.8,29.2,3,3,No
S0453,9.15,60.5,1,2,84.9,70.8,0,3,Yes
S0661,5.51,74.3,0,1,46.0,41.6,2,2,Yes
S0125,8.04,82.1,1,0,,67.2,0,5,Yes
S0178,7.36,84.0,0,5,97.6,77.1,0,2,Yes
S0137,7.51,60.6,0,4,53.5,85.0,0,0,No
S0337,6.53,82.4,0,0,65.5,41.8,1,2,No
S0119,8.8,83.6,1,3,74.9,77.1,0,0,Yes
S1090,6.92,86.9,2,2,58.4,77.4,1,0,Yes
S1417,9.43,97.3,0,2,97.5,72.0,0,4,Yes
S0506,6.66,92.3,0,5,50.1,59.9,0,3,Yes
S1276,7.22,100.0,1,5,35.8,60.9,4,3,No
S0618,7.44,81.2,0,8,51.2,74.5,0,3,Yes
S0992,8.68,72.3,2,2,45.0,79.5,0,1,Yes
S0882,8.15,88.7,0,2,54.8,46.2,0,3,Yes
S0193,6.82,64.8,3,3,63.7,55.3,1,2,No
S1416,6.35,100.0,1,2,52.1,26.0,2,2,No
S1038,6.64,62.2,1,3,55.9,75.6,0,0,Yes
S0884,6.03,74.3,0,3,32.4,59.2,1,2,No
S0784,8.09,83.0,1,1,76.6,64.0,0,0,No
S0136,6.18,91.9,0,4,61.8,33.5,2,4,No
S0245,9.33,87.4,1,2,56.5,61.4,0,2,Yes
S0461,7.51,81.8,1,4,61.9,60.1,0,0,Yes
S0042,7.74,89.2,0,5,59.5,48.9,1,2,Yes
S0724,5.7,71.3,0,4,50.9,28.0,1,0,No
S0916,8.36,94.9,0,6,57.9,100.0,0,3,Yes
S0637,7.01,82.7,0,1,43.9,68.0,1,1,No
S0359,6.34,84.3,0,3,41.6,44.0,0,4,No
S0890,5.5,79.5,0,3,28.3,68.9,1,2,No
S0298,6.83,78.4,0,2,53.9,,1,2,Yes
S0808,5.96,80.1,1,2,64.6,54.7,1,1,No
S1309,4.42,83.1,0,0,46.6,45.6,4,1,No
S0759,7.84,91.9,1,4,15.9,60.2,0,2,Yes
S0518,6.51,72.7,1,4,49.3,68.2,2,1,No
S0559,5.96,73.4,2,3,72.5,51.8,1,2,Yes
S1108,6.41,77.8,2,1,66.3,64.7,1,0,Yes
S0619,6.59,82.4,2,1,43.2,50.1,0,1,No
S0466,6.74,85.3,1,1,48.1,54.6,0,1,No
S0411,5.72,,0,2,45.7,58.4,4,1,No
S0893,6.79,61.7,1,1,50.7,18.9,1,2,No
S0934,8.85,81.1,0,4,43.7,51.1,0,1,Yes
S1267,6.36,60.0,0,2,35.1,54.2,0,0,No
S1069,8.65,,0,2,57.1,66.5,1,1,Yes
S0039,6.38,69.8,1,7,35.5,47.6,1,2,No
S0679,,86.6,0,4,35.8,56.2,1,1,No
S0080,6.89,83.8,1,1,77.1,67.2,3,1,Yes
S1328,5.61,100.0,2,2,34.8,57.3,1,1,No
S0687,7.99,78.7,1,5,,68.9,0,0,Yes
S0492,7.57,86.0,0,3,44.1,50.9,1,1,Yes
S1396,9.06,66.7,1,2,63.0,73.8,1,1,Yes
S0528,7.33,51.4,1,4,47.6,71.4,0,0,No
S0924,6.63,75.2,1,0,61.8,69.9,4,2,Yes
S0760,7.64,86.1,1,5,42.0,50.1,0,2,Yes
S1299,6.04,86.3,0,4,40.0,61.6,3,1,No
S0952,7.65,75.6,2,7,37.7,46.5,0,3,Yes
S0972,7.09,75.2,1,3,69.3,57.1,0,1,Yes
S1123,6.45,96.9,1,1,65.2,52.7,1,0,Yes
S0694,4.95,80.4,0,3,37.8,69.3,1,2,No
S0915,8.19,92.2,1,1,67.7,58.2,0,1,Yes
S0421,7.29,68.0,0,2,58.7,43.1,1,2,Yes
S1121,7.65,72.5,1,2,46.5,86.8,0,0,Yes
S1151,7.38,68.4,0,3,76.1,75.9,0,3,Yes
S1359,6.79,76.3,1,6,39.9,57.3,0,2,Yes
S1466,7.24,62.4,0,1,33.7,45.4,0,3,Yes
S0591,5.98,82.1,0,4,40.3,71.5,1,1,No
S1403,7.0,91.2,2,4,22.7,63.8,1,1,No
S0458,6.35,66.8,0,0,,59.2,1,1,Yes
S0767,7.28,,0,5,59.5,83.5,0,2,No
S0112,7.44,77.2,1,4,81.3,55.9,0,3,Yes
S0949,7.58,88.5,1,3,56.0,85.1,0,2,  yes 
S0973,7.42,83.6,1,3,58.3,45.2,1,0,No
S1130,5.1,79.5,0,3,21.5,33.0,2,4,No
S0894,7.24,83.4,0,0,52.3,76.2,0,2,Yes
S0970,7.23,80.2,1,3,45.1,41.0,0,0,Yes
S0987,5.8,81.2,0,3,37.2,74.7,4,0,No
S0103,6.84,93.9,1,2,53.0,41.6,2,1,Yes
S0455,7.27,82.4,0,3,55.8,58.2,0,1,No
S1247,6.79,91.5,2,2,50.2,74.9,1,1,No
S1377,7.76,65.5,0,2,54.9,73.3,0,2,Yes
S0664,6.86,87.0,3,4,50.0,57.7,1,1,Yes
S1492,7.18,97.9,0,3,65.3,79.6,1,4,Yes
S0887,8.44,62.3,1,4,78.5,58.5,0,1,Yes
S0959,7.2,59.7,1,3,77.0,40.2,0,2,Yes
S1157,7.2,82.9,1,2,63.8,65.7,0,1,Yes
S0757,6.28,83.7,1,4,78.7,81.5,2,0,Yes
S1172,5.29,95.8,1,0,57.7,51.9,3,2,No
S1014,5.54,88.9,1,0,61.8,24.9,3,5,No
S1450,6.61,,1,6,63.1,87.6,0,2,NO
S0944,8.4,88.1,0,2,63.4,62.3,0,0,Yes
S0115,7.27,72.5,0,0,61.7,61.0,0,0,No
S0069,8.06,88.0,1,2,77.4,93.1,0,2,Yes
S0928,7.61,73.7,0,2,58.5,46.6,1,1,No
S0547,7.4,87.3,0,2,57.4,53.2,1,0,No
S0718,7.89,,0,2,38.5,61.4,0,4,Yes
S1429,7.85,65.1,0,2,45.0,61.5,0,0,No
S0727,7.48,81.7,2,6,56.4,74.5,0,1,No
S0911,6.45,70.1,1,1,62.4,55.0,0,0,No
S0650,6.81,81.4,1,4,39.5,62.9,0,2,No
S0272,7.52,80.8,4,3,51.1,72.1,0,4,Yes
S0977,8.3,57.7,0,1,63.7,42.6,0,2,Yes
S0787,7.24,87.7,0,2,63.7,65.3,0,0,No
S0253,8.93,72.8,1,1,61.3,66.5,0,1,Yes
S1128,7.1,96.1,0,3,47.4,53.3,4,2,No
S0785,7.21,85.0,3,2,58.6,83.1,1,1,Yes
S1213,7.01,79.2,0,1,51.4,66.2,0,1,No
S0135,5.73,83.1,0,1,60.0,63.7,3,0,  yes 
S0950,4.0,89.0,2,2,35.1,69.2,4,0,No
S1220,8.52,68.1,0,4,59.6,66.3,0,1,Yes
S1104,7.72,82.3,2,4,45.7,68.2,0,3,Yes
S1029,7.2,91.9,0,1,46.0,50.4,0,5,Yes
S0659,8.41,,0,1,76.7,57.6,1,2,Yes
S0128,6.01,97.5,0,0,,42.9,3,0,No
S1427,8.02,88.8,4,4,77.8,61.1,0,1,Yes
S1387,8.45,85.6,1,2,82.8,69.7,0,1,Yes
S1136,8.49,93.3,2,5,70.5,65.2,0,2,Yes
S0238,7.04,77.9,0,2,45.6,87.2,0,2,Yes
S1378,7.38,74.1,0,5,52.6,58.1,1,2,Yes
S1110,,65.4,1,3,53.9,60.5,0,0,No
S0460,7.17,73.6,0,1,56.6,74.8,0,1,No
S1149,8.22,83.2,2,3,75.4,100.0,0,1,Yes
S0056,6.56,73.1,3,3,30.2,38.1,1,3,Yes
S0770,8.88,75.0,2,2,57.9,80.7,0,3,Yes
S0075,7.34,64.0,0,1,53.1,49.2,0,2,No
S1183,6.4,91.0,0,0,38.1,57.6,0,0,No
S0106,6.99,94.9,1,3,63.6,89.8,0,5,Yes
S0164,6.38,99.8,2,2,70.9,52.2,1,2,Yes
S1118,6.84,90.2,1,1,34.4,62.1,2,1,No
S0686,6.72,80.2,1,1,,52.0,0,1,No
S1465,8.19,80.3,0,4,36.4,76.0,1,1,Yes
S1081,7.44,69.1,1,4,61.7,72.0,0,1,Yes
S0640,7.72,93.9,0,0,70.6,62.1,0,1,Yes
S1293,6.81,71.4,1,2,34.6,49.1,0,3,No
S1193,6.94,79.3,2,3,60.5,64.6,0,1,No
S0519,8.1,86.4,1,0,55.7,40.7,0,1,Yes
S0103,6.84,93.9,1,2,53.0,41.6,2,1,Yes
S0592,7.45,86.9,1,4,62.7,67.4,1,1,Yes
S1023,7.61,77.6,0,3,26.7,68.3,0,5,No
S0771,8.93,84.6,2,3,73.5,78.9,0,2,Yes
S0413,6.52,86.1,1,4,39.2,37.2,1,1,Yes
S1442,7.56,93.9,0,1,58.9,50.8,1,1,Yes
S0556,6.89,86.4,2,4,64.4,60.3,1,4,Yes
S0544,7.02,71.6,0,4,42.4,76.8,2,0,Yes
S1315,7.77,80.1,1,4,36.0,50.4,0,0,Yes
S0537,6.66,74.9,1,1,39.3,15.9,1,0,No
S1410,7.71,86.0,2,1,64.1,71.3,0,2,Yes
S1113,6.05,73.4,1,4,,50.0,2,1,Yes
S1266,7.08,72.4,0,1,42.1,79.7,0,3,Yes
S1199,8.68,84.3,0,6,41.3,71.8,0,1,Yes
S0625,7.67,79.7,1,3,69.0,50.8,0,0,Yes
S0407,7.08,80.4,2,3,34.9,49.4,0,0,Yes
S1321,,63.1,1,3,70.0,86.7,0,4,Yes
S0645,6.86,72.1,0,0,50.8,40.2,0,1,No
S0864,,85.3,0,3,54.6,59.5,0,0,Yes
S0927,7.03,,1,1,,59.9,1,3,  yes 
S1231,6.65,67.1,3,2,48.3,69.6,0,1,Yes
S0447,8.27,71.7,0,4,33.5,75.6,0,4,  yes 
S0665,7.12,,1,3,65.7,71.4,1,0,Yes
S1054,9.65,,0,3,68.9,78.3,0,2,NO
S1385,5.45,80.0,2,2,50.2,50.7,0,2,No
S0772,8.56,68.0,1,7,64.0,83.2,0,2,Yes
S0480,9.8,85.4,0,2,44.7,100.0,0,1,Yes
S1112,6.93,89.1,1,3,51.6,67.0,1,0,Yes
S0580,7.56,69.9,1,0,30.6,65.9,0,1,Yes
S0331,8.71,88.2,0,1,37.2,56.5,0,2,Yes
S0262,6.93,71.4,0,4,28.9,64.6,1,2,Yes
S0295,6.96,59.6,2,4,54.5,56.3,2,1,No
S0722,8.33,71.5,1,1,54.4,69.2,0,0,Yes
S1229,7.76,100.0,0,0,47.3,58.3,0,2,No
S1207,6.49,84.4,0,1,48.0,58.0,1,2,No
S1489,7.53,82.4,1,3,47.7,69.8,1,1,Yes
S0983,7.43,82.4,1,2,52.2,63.5,0,2,No
S1340,6.99,,2,5,56.1,59.6,0,0,Yes
S0160,6.02,81.4,0,2,36.0,78.6,1,2,No
S1389,7.54,75.6,1,4,76.3,,0,2,Yes
S0651,9.05,79.3,1,4,94.5,100.0,0,1,Yes
S0610,7.74,82.3,0,0,66.6,72.4,0,1,Yes
S1263,8.0,74.1,1,1,26.0,80.6,0,2,Yes
S0334,,,1,1,35.3,69.9,1,1,Yes
S0695,6.37,81.9,2,3,54.2,,1,2,No
S1007,7.87,96.7,0,3,48.4,71.6,0,1,Yes
S0280,7.46,96.1,0,4,29.8,58.3,1,1,Yes
S1037,8.19,70.5,1,3,47.6,47.6,0,0,No
S0699,6.28,77.6,1,5,76.0,83.1,2,1,No
S1485,7.98,65.5,3,2,79.0,59.5,0,1,Yes
S0869,6.62,70.3,0,4,34.2,64.7,0,3,Yes
S0630,4.79,91.8,2,4,43.3,31.5,3,1,No
S0534,7.65,75.6,1,3,59.7,60.9,0,4,No
S1294,5.07,74.3,0,3,58.3,51.8,2,0,No
S0737,7.98,79.6,1,2,58.5,70.7,0,1,Yes
S0015,7.67,61.5,0,3,42.4,64.6,0,2,Yes
S0683,8.45,59.5,0,1,60.3,66.4,0,2,No
S1013,6.7,82.4,0,1,49.2,61.8,2,2,Yes
S0393,6.73,67.5,1,4,64.3,,0,0,No
S0423,6.61,58.9,0,2,39.3,76.6,0,3,No
S1302,5.12,90.7,0,0,43.2,54.1,1,1,No
S0463,5.61,77.0,0,3,36.5,63.8,3,3,No
S1296,8.05,87.4,1,3,31.3,82.0,0,2,Yes
S1009,7.96,90.0,0,4,73.4,60.1,0,4,Yes
S1273,6.83,77.3,1,3,42.0,33.0,2,1,No
S0802,6.12,70.2,0,2,,57.1,1,2,No
S1345,6.17,72.7,0,2,33.7,56.3,0,2,No
S1056,8.67,75.8,1,3,75.3,89.3,0,0,Yes
S1236,6.41,75.6,2,3,60.5,48.5,1,1,Yes
S0909,7.27,53.9,1,3,48.4,76.5,0,2,Yes
S0620,8.65,88.5,2,3,,80.6,0,1,Yes
S1186,5.82,81.6,4,1,48.6,56.5,1,4,Yes
S1116,7.28,72.5,0,3,47.0,56.5,0,3,No
S0237,5.05,64.9,1,2,48.8,39.3,1,4,Yes
S0858,7.62,83.6,0,1,55.9,52.9,0,1,No
S0874,7.26,97.5,1,2,52.9,79.6,0,2,No
S0467,6.91,82.6,3,2,90.0,74.0,0,1,Yes
S1080,8.64,95.1,1,2,,67.7,0,0,Yes
S0754,9.25,53.8,1,2,78.2,73.0,0,1,Yes
S1155,7.9,79.8,1,3,63.2,78.8,0,1,No
S0942,8.09,86.3,0,2,75.3,74.9,0,3,Yes
S0883,6.09,63.1,1,1,58.0,63.1,1,2,NO
S0292,7.35,79.9,2,1,60.9,76.1,0,0,Yes
S0234,8.41,64.1,2,5,58.9,69.8,0,1,Yes
S0742,8.39,71.1,1,3,57.8,69.0,0,2,Yes
S1188,7.57,77.4,0,1,44.7,36.1,1,1,No
S0410,5.9,84.8,0,3,63.0,60.6,1,1,Yes
S0851,6.84,87.2,0,2,86.1,48.1,1,4,Yes
S1012,8.64,98.8,0,5,52.3,36.9,0,1,Yes
S1184,7.83,72.4,0,6,46.4,66.2,0,0,No
S0320,6.02,77.1,1,1,49.0,43.5,2,0,No
S0743,6.18,64.7,1,3,45.7,50.8,3,2,No
S1221,7.16,81.9,0,0,59.3,58.2,0,0,Yes
S1257,7.97,87.0,0,3,57.6,67.4,0,1,Yes
S1041,6.25,,1,4,85.8,75.3,2,2,Yes
S0693,8.15,69.0,1,2,,61.6,0,0,Yes
S0050,7.27,84.4,2,1,60.9,,0,1,Yes
S0786,7.45,84.0,2,1,57.2,76.4,0,2,  yes 
S0060,8.17,78.4,1,2,39.8,47.2,0,2,Yes
S1226,,75.9,2,2,81.5,62.1,1,1,Yes
S0991,8.07,89.0,0,0,79.5,38.5,0,1,Yes
S0462,6.37,73.0,1,0,36.7,59.1,1,1,No
S1331,5.32,69.9,0,3,32.7,44.7,1,2,No
S0535,5.63,81.3,0,3,65.5,41.5,0,3,No
S0629,6.16,84.6,0,5,47.8,62.4,1,0,No
S0929,6.97,79.8,0,3,92.3,58.8,0,1,Yes
S1265,7.15,74.0,1,6,48.8,65.6,0,1,Yes
S0951,5.48,74.1,0,1,39.2,23.8,2,0,No
S0526,6.76,,1,2,27.3,44.3,2,2,No
S1339,9.91,93.2,0,0,58.3,71.2,0,2,Yes
S0402,7.4,91.8,1,4,71.8,,0,4,Yes
S1291,7.37,96.3,1,4,60.1,83.3,1,1,No
S0372,8.53,73.8,2,2,40.5,87.4,0,0,Yes
S0400,6.5,68.2,1,2,48.4,35.0,0,0,No
S0998,7.32,55.9,2,4,77.2,,0,3,Yes
S1234,7.29,74.9,0,2,62.6,55.0,1,1,Yes
S0415,6.92,93.1,1,3,70.5,100.0,0,0,Yes
S1222,8.49,94.2,2,1,49.1,80.6,0,1,Yes
S0038,6.36,61.4,0,2,41.2,58.1,1,2,No
S0590,8.81,85.1,0,3,68.5,47.5,0,3,Yes
S0674,5.88,66.6,1,4,47.6,51.3,1,3,No
S1093,7.99,85.2,2,1,75.2,54.2,0,1,Yes
S0107,6.25,,0,2,71.9,46.8,1,0,No
S0323,8.37,93.4,1,2,73.6,69.2,0,0,Yes
S0352,8.05,82.5,2,1,56.0,92.5,0,1,Yes
S0357,7.43,78.1,1,3,36.0,80.1,0,2,Yes
S0836,6.31,80.9,0,2,27.7,35.5,1,0,No
S0716,5.98,80.2,0,2,45.4,57.4,1,2,No
S0252,7.54,73.2,1,1,36.6,50.2,1,1,Yes
S1197,5.97,85.4,1,2,37.9,74.0,1,1,No
S1092,7.21,100.0,0,2,49.1,56.3,0,3,Yes
S0848,8.05,72.4,0,5,47.4,77.1,0,1,Yes
S0391,4.89,91.3,1,4,63.0,59.6,1,0,No
S0444,8.52,56.0,0,1,60.4,90.6,0,2,Yes
S0568,6.55,79.6,1,3,39.4,47.0,1,0,Yes
S0216,8.2,81.4,1,1,74.9,90.0,0,2,No
S0339,8.36,96.3,0,2,28.7,76.4,0,3,Yes
S0795,5.41,92.8,1,2,58.5,38.0,2,1,No
S1095,6.54,62.3,3,3,32.5,49.4,1,1,No
S0910,6.12,74.1,4,0,40.8,81.9,2,1,No
S0057,6.92,72.0,1,1,,66.4,1,1,Yes
S0669,6.68,71.9,0,2,55.2,54.3,0,1,Yes
S0633,6.79,75.8,1,3,61.4,48.7,2,1,No
S0682,7.83,82.6,1,1,61.8,90.3,0,2,Yes
S0804,7.58,75.2,0,2,81.7,58.1,1,0,Yes
S0182,7.42,68.7,0,6,44.8,41.9,1,1,No
S0054,6.88,76.0,0,1,56.7,51.5,0,2,Yes
S1052,7.0,78.8,0,1,43.1,63.8,1,1,No
S1422,6.99,82.5,0,2,31.6,,0,1,Yes
S0347,6.61,80.4,1,2,53.2,37.2,0,2,No
S0232,6.61,79.7,4,0,71.5,80.8,1,2,Yes
S0152,6.16,94.0,0,2,45.2,48.1,1,3,Yes
S0501,8.56,75.0,0,2,45.2,55.7,0,1,Yes
S1424,8.6,72.9,0,3,53.7,65.2,0,2,No
S0828,7.08,96.2,0,2,85.4,72.5,0,3,Yes
S0231,5.74,,1,0,50.3,52.6,3,1,Yes
S0926,9.08,92.5,1,4,100.0,78.7,0,1,Yes
S0525,8.6,65.3,3,4,72.9,55.2,0,1,Yes
S0022,6.52,49.8,2,1,71.6,57.3,1,1,No
S0406,6.93,67.2,2,1,86.1,53.3,0,6,Yes
S0258,6.82,100.0,1,0,59.4,69.6,0,0,Yes
S0701,8.31,74.1,0,1,67.4,43.6,1,3,Yes
S0389,7.48,62.8,2,4,52.4,83.0,0,1,Yes
S0186,8.74,87.0,0,2,65.6,72.1,0,3,Yes
S0044,7.43,,0,2,53.1,78.9,1,4,Yes
S0474,7.39,98.7,1,2,38.1,53.0,1,1,Yes
S0853,8.11,79.6,2,1,81.0,44.5,0,2,Yes
S1126,6.93,78.3,0,1,50.0,51.5,1,2,No
S0341,4.91,73.5,4,1,58.1,75.7,3,0,Yes
S1101,8.33,74.0,2,0,62.1,79.9,0,3,Yes
S1162,6.84,72.3,2,2,54.3,64.3,0,2,Yes
S1464,7.66,71.9,1,5,51.3,55.6,0,2,No
S0961,8.82,66.1,2,6,62.5,69.1,0,1,Yes
S1133,6.51,79.4,0,0,20.2,28.0,1,2,No
S0316,6.9,74.9,1,3,47.1,73.8,0,3,Yes
S0330,6.68,77.5,2,6,40.4,54.5,1,1,  yes 
S0513,7.3,87.2,0,0,44.4,55.8,0,1,Yes
S1039,8.01,86.8,0,1,60.0,77.3,0,1,Yes
S0346,5.14,57.6,4,4,42.2,46.7,0,1,Yes
S0833,6.07,82.9,0,2,73.1,49.6,2,2,No
S0684,6.68,69.0,1,4,55.3,42.4,1,1,No
S1003,6.79,91.1,0,5,36.1,80.0,1,0,Yes
S1477,9.3,71.4,2,2,75.3,79.9,0,2,Yes
S0773,7.46,86.9,1,0,59.8,55.5,2,2,Yes
S0067,6.85,67.2,1,1,49.6,47.9,0,1,No
S0933,8.37,,2,6,89.1,65.5,1,0,Yes
S1471,7.31,91.3,1,4,58.6,63.0,0,0,Yes
S1371,,59.7,1,3,45.1,0.0,0,0,No
S0644,7.37,84.3,2,3,52.9,56.1,0,4,Yes
S1344,6.67,88.0,0,6,34.0,73.4,0,0,Yes
S0809,6.88,94.2,0,3,77.1,58.7,2,2,No
S0646,7.06,72.4,0,3,56.1,72.3,0,1,Yes
S0418,8.53,91.3,1,3,69.1,58.2,0,2,Yes
S1297,5.62,,0,1,19.6,63.5,4,3,No
S1106,7.9,70.1,0,3,53.2,69.5,0,2,Yes
S0542,6.37,87.3,2,3,,24.2,1,1,Yes
S1379,7.49,70.9,1,6,54.5,83.4,0,1,Yes
S0314,7.64,79.9,0,3,47.8,36.8,0,2,Yes
S0307,6.87,85.2,0,5,40.2,57.9,1,3,Yes
S0941,7.41,80.8,0,1,34.2,35.8,0,2,Yes
S0130,6.27,91.9,1,1,72.9,53.5,1,2,No
S0396,7.34,73.6,1,1,52.2,74.2,1,1,No
S1392,8.68,84.6,0,4,51.3,39.0,0,3,Yes
S0327,5.63,89.5,2,0,59.3,43.2,1,1,Yes
S0192,7.02,62.7,1,3,90.4,82.2,2,3,Yes
S0723,4.92,80.9,0,4,21.3,36.9,2,1,No
S1139,7.11,87.3,0,4,66.7,82.9,0,1,Yes
S1065,6.56,92.5,0,2,56.2,58.1,0,3,Yes
S0994,8.51,71.6,1,3,58.2,58.3,0,1,Yes
S0921,6.88,59.5,0,2,49.4,62.7,1,3,No
S0496,8.14,84.3,0,3,,61.5,0,0,Yes
S1033,6.7,,0,4,46.9,59.5,1,0,Yes
S0868,6.79,,1,2,55.5,49.4,1,5,Yes
S0385,5.6,57.9,0,1,53.4,26.2,1,1,No
S1111,8.69,61.7,2,5,72.4,40.1,0,0,Yes
S0653,8.87,70.7,0,2,44.8,57.9,0,1,No
S1463,6.35,83.3,2,3,61.2,,0,1,Yes
S0398,7.43,85.0,0,0,50.6,96.9,1,2,Yes
S0947,7.54,75.9,0,1,20.3,77.6,0,1,Yes
S1124,6.96,82.3,0,0,40.3,42.5,0,3,Yes
S1495,6.85,74.7,1,3,49.6,79.1,1,2,Yes
S0725,6.28,67.9,0,6,55.6,66.0,0,2,No
S0533,6.75,87.3,0,2,35.9,75.1,1,2,No
S0763,7.94,81.5,0,2,37.4,96.4,0,0,Yes
S0162,6.47,67.9,0,0,46.8,45.8,4,3,No
S1313,6.52,75.4,0,3,40.6,56.8,1,3,No
S0937,6.05,69.2,2,3,49.5,82.3,0,0,Yes
S1040,7.88,86.9,1,2,56.8,75.7,0,1,Yes
S1074,5.61,82.0,1,0,88.6,54.3,1,4,No
S1280,6.98,68.9,1,5,37.3,74.2,2,4,No
S0021,7.02,66.1,0,1,,58.7,2,4,No
S0570,7.39,77.8,1,0,74.6,50.8,1,0,No
S0654,6.1,68.2,1,2,36.1,51.9,0,1,No
S0697,4.88,78.0,1,3,,45.6,1,2,No
S0482,8.63,73.8,1,2,46.6,94.8,0,2,Yes
S0034,6.39,67.2,0,0,33.0,,1,2,No
S1050,7.64,85.5,1,3,43.1,68.9,0,1,  yes 
S0048,7.42,71.2,0,2,40.8,74.1,1,1,Yes
S0030,7.63,86.8,0,0,70.7,47.3,0,0,Yes
S1006,7.54,90.1,1,4,52.0,60.6,0,2,Yes
S1420,7.23,90.0,2,2,61.4,71.0,1,3,Yes
S1146,7.89,78.3,1,1,72.9,69.1,0,3,Yes
S1287,5.87,80.1,0,3,18.3,61.9,1,1,No
S0511,5.64,66.1,4,4,59.2,51.8,3,2,Yes
S0531,6.84,94.4,1,2,68.0,26.0,0,1,Yes
S0923,7.32,97.0,1,1,33.0,58.4,0,3,Yes
S0502,8.1,72.7,1,0,78.2,56.6,0,1,Yes
S0433,,70.5,0,0,26.9,51.2,0,5,No
S0254,6.21,73.8,2,4,85.2,28.7,3,1,Yes
S1472,8.33,79.4,2,4,68.3,73.6,0,0,Yes
S1382,4.33,89.8,1,5,33.6,53.6,2,2,No
S1225,6.3,73.6,0,2,,59.3,0,1,Yes
S0780,5.9,58.2,1,4,27.2,55.7,0,1,No
S0367,6.46,77.7,1,6,68.0,67.1,0,0,Yes
S1077,8.52,71.0,1,5,,82.9,0,2,Yes
S1079,6.61,93.9,0,4,42.4,61.4,0,2,Yes
S0681,8.02,,2,1,72.7,61.7,0,1,Yes
S1214,6.49,67.5,2,3,69.3,74.7,2,0,No
S0813,7.45,95.1,0,1,52.6,51.6,0,1,Yes
S0736,7.36,68.5,1,2,57.4,69.1,0,2,Yes
S1049,6.24,60.9,0,5,37.4,68.8,1,0,No
S0299,5.44,73.8,1,0,40.2,52.6,0,4,Yes
S0557,6.45,74.6,1,2,16.3,53.5,2,4,No
S0576,5.75,65.9,0,3,24.1,44.4,1,2,No
S0019,8.08,76.5,1,2,60.5,73.9,0,2,Yes
S0573,7.46,58.2,1,3,78.0,59.8,0,0,Yes
S0226,7.43,81.1,3,2,77.8,,0,0,Yes
S0600,5.43,97.0,2,2,55.3,53.0,1,2,No
S0420,8.55,63.9,0,2,40.6,56.3,0,1,Yes
S1453,7.09,76.8,4,3,63.8,,0,1,Yes
S0219,7.05,86.7,1,0,54.6,71.4,0,1,Yes
S0308,8.5,80.0,0,4,41.7,53.5,0,1,Yes
S0157,7.33,84.3,1,3,60.7,73.8,0,2,Yes
S0172,7.65,130.0,3,6,67.9,58.0,0,1,Yes
S1202,6.71,67.8,0,0,59.2,50.3,0,0,Yes
S0706,6.22,,0,2,63.2,63.5,2,2,No
S0287,7.46,92.2,1,2,48.3,98.7,0,0,Yes
S1091,6.6,,0,0,35.3,46.1,0,3,No
S0454,9.28,72.8,1,1,64.6,63.5,0,0,Yes
S1476,7.04,83.5,0,1,53.0,64.7,2,2,Yes
S0072,6.07,77.6,1,2,49.1,39.5,2,2,No
S0083,6.84,86.1,0,2,,40.4,2,0,Yes
S1498,6.05,100.0,0,6,46.8,51.0,0,4,Yes
S1462,6.48,130.0,0,4,49.3,68.7,0,1,No
S0016,6.34,82.3,1,3,47.0,74.1,1,2,No
S0536,7.84,88.1,0,2,63.3,55.0,0,3,Yes
S1167,9.66,75.6,0,2,67.6,100.0,0,1,Yes
S0919,8.56,86.8,1,1,58.9,78.3,0,2,Yes
S0452,7.55,82.7,2,3,46.6,55.2,0,0,Yes
S1164,5.69,64.3,2,2,65.0,45.2,3,2,No
S0405,7.72,86.8,2,5,37.9,56.0,0,0,Yes
S1407,7.46,92.6,0,2,64.6,66.7,2,2,Yes
S1365,6.82,68.1,3,0,49.4,78.3,1,0,Yes
S0740,4.95,76.6,2,0,61.7,61.0,1,1,No
S0365,7.07,83.2,0,1,38.3,34.9,1,1,No
S0105,6.27,76.6,1,1,34.9,55.4,0,0,No
S1413,5.63,80.0,0,2,55.4,90.7,1,1,No
S1254,7.5,81.3,0,7,49.8,47.9,1,2,Yes
S0662,7.18,69.6,0,4,59.2,81.8,0,4,Yes
S0242,7.11,96.3,0,4,37.9,,3,2,Yes
S0431,6.16,61.1,1,2,47.0,61.3,1,2,No
S0815,6.57,85.5,1,2,47.7,44.4,1,4,No
S0631,8.81,81.1,2,3,69.7,63.1,0,1,Yes
S0097,5.88,83.5,1,4,45.3,39.2,0,0,NO
S0468,9.14,79.0,0,2,48.6,72.4,0,1,Yes
S0085,6.0,78.7,3,1,85.1,64.5,1,0,Yes
S0702,6.95,78.1,1,4,27.7,48.6,0,0,No
S0010,6.35,81.5,4,4,62.2,32.0,0,2,Yes
S0605,6.56,76.9,1,2,58.9,51.0,0,5,Yes
S0879,7.1,80.5,0,4,35.8,62.7,1,1,No
S0774,8.55,90.0,2,2,70.0,68.9,0,1,Yes
S1163,6.95,76.2,0,2,57.1,54.0,1,7,No
S0277,6.44,65.2,0,2,94.6,59.5,1,0,Yes
S0089,7.68,69.2,1,1,80.6,74.2,1,3,Yes
S0091,7.87,64.7,0,4,70.8,61.9,1,2,Yes
S0766,5.42,88.7,1,3,25.8,49.5,2,4,No
S0281,7.68,88.9,1,2,54.4,94.7,1,4,Yes
S1008,6.83,83.9,1,7,69.6,54.1,0,3,Yes
S0652,7.03,88.0,0,5,51.6,36.0,0,1,Yes
S0993,8.99,88.4,0,4,40.6,84.9,0,1,Yes
S0366,8.68,81.7,0,3,54.2,60.3,0,1,Yes
S0024,7.05,77.9,1,2,51.8,50.6,0,3,Yes
S0677,,85.3,3,3,,82.4,0,1,Yes
S0999,7.33,74.0,2,4,92.3,51.6,0,1,Yes
S1190,7.06,59.0,1,0,66.1,53.8,0,0,Yes
S0311,8.38,58.5,0,2,49.9,68.7,0,1,Yes
S1061,,,1,1,54.1,73.1,1,6,Yes
S0641,5.71,79.0,1,2,62.5,37.2,0,1,No
S0241,6.32,75.7,0,5,51.8,57.9,1,0,No
S0667,5.58,100.0,0,4,38.4,53.6,0,1,No
S1311,6.02,73.0,2,2,48.9,31.1,0,1,No
S0099,7.6,97.4,2,1,47.1,67.4,0,1,Yes
S0168,7.58,80.0,1,1,60.0,70.3,0,1,Yes
S0497,5.37,83.3,1,4,51.8,73.5,0,4,Yes
S0276,7.59,83.3,1,3,55.6,83.9,1,2,Yes
S1114,6.96,75.7,1,2,39.8,70.7,0,0,Yes
S0715,6.99,70.5,0,2,49.1,59.4,0,1,Yes
S1278,8.82,,4,2,68.2,95.1,0,3,Yes
S0332,7.84,80.6,0,0,81.4,51.6,0,2,Yes
S0220,6.5,65.3,2,3,63.8,52.8,1,0,No
S0434,5.37,94.2,0,3,35.4,44.1,2,2,No
S1465,8.19,80.3,0,4,36.4,76.0,1,1,Yes
S1301,7.25,77.1,1,5,64.7,61.8,1,1,No
S0487,6.42,82.2,0,1,32.5,83.6,0,2,No
S0532,6.26,74.6,2,2,24.1,50.9,2,3,No
S1320,8.39,89.3,0,4,54.1,60.0,0,1,Yes
S0261,6.96,67.1,1,4,42.4,55.2,1,2,No
S0811,7.0,89.1,1,2,42.0,42.8,0,4,Yes
S0306,6.15,58.9,0,4,0.0,56.1,0,2,No
S1283,5.19,85.5,2,1,50.7,24.0,3,2,No
S0197,7.84,74.9,0,3,66.2,80.3,0,1,Yes
S1165,6.21,75.4,0,0,47.5,52.7,0,1,No
S1147,7.67,98.0,0,1,65.3,76.9,0,3,Yes
S0495,6.89,81.0,1,3,75.8,62.2,1,3,NO
S0111,7.63,83.2,3,2,73.7,65.4,0,2,Yes
S1109,8.5,89.1,0,2,52.7,70.1,0,4,Yes
S0514,7.11,79.9,1,2,,57.9,1,4,Yes
S0692,6.95,69.8,1,1,62.2,45.1,1,2,No
S0370,8.04,82.6,4,4,77.2,52.2,0,1,Yes
S0794,7.59,75.3,1,1,44.8,58.6,1,2,Yes
S1099,8.17,58.9,1,1,62.5,51.1,1,3,No
S0927,7.03,,1,1,,59.9,1,3,  yes 
S0274,9.29,98.8,0,2,96.9,58.2,0,2,Yes
S0397,7.96,62.9,0,1,49.9,65.8,0,1,Yes
S1179,7.57,60.5,0,2,52.6,61.8,0,2,Yes
S1411,6.78,74.7,0,3,22.9,80.9,0,0,No
S1216,5.82,80.7,0,2,42.7,43.4,1,2,Yes
S0798,8.26,71.7,1,4,42.5,56.4,0,2,NO
S1212,6.71,87.8,0,3,36.6,52.9,0,2,No
S1075,6.29,79.2,1,2,52.1,42.1,1,1,Yes
S1063,6.74,94.6,1,1,52.5,64.8,2,0,No
S0962,7.33,,1,2,39.3,78.4,0,1,Yes
S0419,7.13,76.5,1,5,15.1,60.8,0,2,No
S1233,6.02,99.0,2,4,47.0,,1,0,Yes
S0376,9.53,59.9,1,5,61.6,76.1,0,1,Yes
S0464,5.13,77.4,1,2,50.8,55.2,2,0,No
S0471,7.55,77.4,1,2,67.1,80.1,0,3,Yes
S1100,8.44,91.4,1,7,56.6,85.3,0,1,Yes
S0560,6.31,68.0,1,3,31.0,47.3,2,1,No
S0303,8.06,76.7,0,1,47.9,62.5,0,1,Yes
S0583,6.91,67.3,0,1,18.8,67.2,0,0,No
S0799,8.23,74.4,3,1,70.3,84.7,0,6,Yes
S0012,7.98,86.0,0,1,46.9,43.9,0,3,Yes
S1284,8.0,91.7,1,4,48.2,87.8,0,0,Yes
S0539,4.81,69.1,1,1,20.5,63.9,2,6,No
S0628,8.56,74.2,2,5,59.5,49.2,0,0,Yes
S0282,5.46,81.0,2,5,28.5,45.1,1,1,No
S0984,7.94,79.6,3,0,71.3,84.1,0,0,Yes
S1221,7.16,81.9,0,0,59.3,58.2,0,0,Yes
S0224,6.12,100.0,0,1,56.5,41.2,3,3,No
S0673,6.49,76.7,4,0,56.2,60.5,0,2,Yes
S1244,6.67,60.5,0,2,48.7,58.1,1,0,No
S0967,6.94,75.2,0,2,39.4,49.4,0,3,No
S1150,8.23,100.0,1,3,30.1,58.9,0,1,Yes
S1094,7.38,87.8,3,2,37.5,50.3,1,0,Yes
S0182,7.42,68.7,0,6,44.8,41.9,1,1,No
S0995,7.09,92.0,0,0,51.2,97.3,3,0,No
S0581,4.79,84.5,1,0,24.0,38.4,2,2,No
S1046,6.34,74.6,0,3,56.3,25.6,3,1,No
S0078,7.36,91.3,2,1,39.7,65.9,0,1,Yes
S0548,6.19,85.5,0,2,39.0,55.5,1,3,No
S1280,6.98,68.9,1,5,37.3,74.2,2,4,No
S0749,6.83,79.4,0,3,51.6,60.4,1,2,Yes
S0827,7.23,55.6,0,3,29.5,54.8,0,0,No
S0126,7.56,92.5,0,0,59.6,86.8,0,0,Yes
S1253,6.4,62.2,1,0,59.2,71.7,2,3,Yes
S0758,8.06,82.7,0,1,44.0,75.2,0,2,Yes
S1067,6.13,82.2,0,4,52.8,45.2,1,1,No
S0577,8.54,79.6,1,1,80.6,61.1,1,1,Yes
S0622,7.23,80.5,0,3,79.0,70.6,1,0,NO
S0768,6.64,77.6,1,3,45.7,47.9,1,2,Yes
S1230,7.77,66.1,3,2,70.9,48.4,0,3,Yes
S1296,8.05,87.4,1,3,31.3,82.0,0,2,Yes
S1031,8.39,92.6,1,1,63.8,56.1,0,2,Yes
S1381,8.43,83.4,0,2,,74.7,0,3,Yes
S0803,7.54,49.6,2,5,65.5,72.1,0,1,Yes
S0845,7.33,88.9,0,2,74.7,58.9,0,0,Yes
S1303,7.81,89.6,1,4,43.5,80.8,0,1,Yes
S1500,6.02,76.3,0,2,37.6,58.0,0,2,No
S1312,8.0,76.0,0,1,64.3,64.7,0,2,No
S0260,,80.8,0,1,35.0,45.2,1,1,No
S0283,8.13,53.2,1,2,64.6,51.5,0,1,Yes
S0635,6.89,71.2,2,3,76.6,60.4,1,3,Yes
S1440,8.32,71.7,1,2,70.3,33.3,0,1,Yes
S0475,7.82,65.3,1,0,29.4,63.4,0,4,Yes
S0456,7.36,,1,4,43.0,45.3,0,1,No
S0321,7.98,,0,2,60.5,87.6,0,1,No
S0435,8.13,65.1,0,2,92.4,49.8,0,1,Yes
S1473,7.19,79.7,0,1,56.9,42.3,2,0,No
S0300,,,0,5,49.1,80.8,0,4,Yes
S0437,6.67,79.6,0,3,29.4,56.7,0,1,No
S1393,6.66,79.0,2,0,42.1,67.2,1,2,Yes
S0439,6.55,72.5,0,4,73.8,38.4,1,0,Yes
S0326,7.93,87.4,0,0,60.1,47.1,0,3,Yes
S0404,6.81,78.6,1,3,74.3,61.3,1,3,Yes
S1290,8.02,75.1,1,4,44.3,95.0,0,1,Yes
S0565,8.1,76.6,1,1,52.1,72.1,0,0,Yes
S0293,8.67,83.0,1,2,73.5,44.9,0,0,Yes
S0279,8.39,67.7,0,1,75.8,88.6,0,0,Yes
S0656,7.52,86.6,1,3,84.5,87.8,1,1,Yes
S1330,7.94,100.0,1,0,47.8,54.0,0,0,Yes
S0733,7.75,65.8,0,0,58.9,34.4,1,1,Yes
S0554,9.24,100.0,3,4,87.3,83.5,0,0,Yes
S0095,5.51,84.2,3,1,53.5,45.4,3,1,Yes
S1444,8.64,76.8,1,2,67.6,54.7,0,1,Yes
S1256,6.57,66.8,1,0,60.3,48.3,3,1,No
S0246,5.91,71.5,0,3,18.6,,2,2,No
S0946,6.84,100.0,0,1,56.2,60.2,0,3,No
S1192,8.21,68.6,0,2,78.4,58.3,0,2,Yes
S0776,,46.3,0,2,36.9,52.1,0,0,No
S0427,8.0,73.6,2,2,71.5,75.5,0,4,Yes
S1187,6.88,60.7,2,2,25.0,52.2,0,4,No
S0150,7.36,72.4,1,3,45.0,76.9,0,0,Yes
S0227,9.72,69.7,1,4,69.8,63.7,0,2,Yes
S0866,8.03,96.3,0,1,56.1,,0,1,Yes
S0968,6.46,94.5,2,4,41.2,41.2,1,3,Yes
S1119,7.55,71.5,0,3,32.5,65.0,0,2,Yes
S1246,7.27,92.8,0,1,48.4,51.0,0,0,Yes
S0901,7.59,75.1,1,0,62.5,72.6,0,2,No
S0700,7.0,71.1,3,0,73.9,38.8,0,1,Yes
S0602,6.62,61.1,0,3,31.1,,0,1,No
S1292,6.76,78.8,1,1,44.4,51.6,0,3,Yes
S1059,7.32,95.8,1,3,54.5,77.7,0,1,Yes
S0218,8.54,74.2,3,2,61.9,75.5,0,2,Yes
S1097,8.78,93.6,0,0,83.5,77.1,0,0,Yes
S0818,7.44,,2,2,44.1,56.8,0,2,Yes
S0221,6.98,91.5,2,2,70.2,62.4,1,2,Yes
S0214,6.72,78.8,0,1,75.9,55.6,0,1,Yes
S1419,8.17,68.8,2,0,89.1,64.8,0,1,Yes
S0908,5.92,76.1,0,4,38.8,49.5,1,2,No
S0395,7.9,77.1,1,1,79.4,80.1,0,2,Yes
S0368,6.38,87.5,0,3,54.3,54.0,0,2,No
S0925,7.03,81.1,1,1,54.2,71.6,1,0,Yes
S0013,7.27,89.9,0,5,47.7,55.3,0,2,Yes
S1409,7.19,66.8,0,3,50.9,71.2,0,1,Yes
S1223,7.61,60.9,1,1,,76.4,1,3,No
S0235,6.47,74.3,1,2,54.5,52.4,0,1,No
S0696,6.42,59.6,1,0,36.8,88.9,0,2,Yes
S1085,7.31,85.1,0,1,54.2,41.1,0,0,No
S1435,7.44,71.7,0,2,70.6,50.1,0,1,NO
S1355,9.11,71.0,0,4,70.7,94.9,0,1,Yes
S1322,6.64,83.3,0,4,44.2,47.9,2,2,No
S0064,7.79,67.4,0,1,25.7,67.1,0,3,Yes
S0735,7.48,69.8,1,2,57.9,44.5,0,3,Yes
S1024,7.82,60.2,1,1,55.3,63.4,2,1,No
S0965,7.16,72.3,0,2,39.9,30.7,0,1,No
S0608,7.65,68.5,2,0,64.5,65.3,1,2,No
S0014,8.33,58.0,0,0,58.2,61.1,0,2,No
S0840,6.86,89.3,2,6,57.7,77.6,2,2,Yes
S0436,6.59,97.6,0,3,20.5,36.1,1,2,No
S0018,6.24,94.4,0,1,33.4,33.5,1,3,Yes
S0765,7.54,85.3,1,0,51.9,86.8,0,2,Yes
S0349,5.62,,2,2,45.2,29.0,3,1,No
S0208,5.98,82.9,4,5,58.9,74.9,2,1,No
S1115,7.3,59.6,0,3,30.8,68.2,0,1,No
S1332,6.13,90.8,2,5,46.0,61.5,1,1,No
S0342,7.5,80.1,4,1,75.8,89.9,0,2,Yes
S0345,8.82,65.6,3,1,50.2,61.0,0,0,Yes
S1370,8.16,86.3,2,1,51.9,82.6,0,0,Yes
S1402,6.88,64.5,1,1,42.4,48.9,1,4,No
S0552,,66.5,0,1,62.2,71.8,0,0,Yes
S0599,7.44,60.1,1,1,44.8,59.6,0,0,No
S0033,6.69,90.8,1,4,70.5,78.7,2,2,Yes
S0373,8.06,73.2,2,2,,49.3,0,2,Yes
S0658,7.38,71.1,3,6,84.1,50.8,1,2,Yes
S0173,6.75,81.5,1,2,63.9,60.2,4,0,No
S1087,5.8,80.9,3,1,59.8,47.8,1,5,Yes
S1412,9.43,100.0,2,3,61.8,86.1,0,5,Yes
S0409,5.21,74.8,1,1,33.9,49.7,0,2,No
S1051,5.96,61.5,2,2,25.5,30.4,3,2,Yes
S1456,7.09,68.8,2,2,47.5,82.0,3,1,Yes
S0201,7.54,67.6,0,3,74.7,95.7,1,1,Yes
S1317,7.0,63.9,0,1,50.7,40.7,0,2,No
S0861,6.22,130.0,1,3,53.7,72.1,1,1,No
S1426,6.29,89.9,0,4,64.1,49.6,0,1,No
S1166,6.34,81.3,1,2,30.9,50.2,1,1,No
S1404,6.71,74.1,1,2,46.9,64.0,1,3,No
S1460,7.56,100.0,3,5,36.4,,0,3,Yes
S1362,8.12,87.0,1,2,54.3,83.0,0,1,Yes
S0490,7.87,65.0,0,1,49.8,48.3,0,2,Yes
S1437,6.76,60.6,0,4,70.0,85.7,0,0,No
S0213,7.23,87.1,0,4,68.7,49.7,0,1,Yes
S0134,6.98,79.8,1,2,70.9,57.4,1,1,No
S0061,5.52,75.7,0,2,56.1,34.7,2,0,No
S0691,7.51,88.0,0,3,56.1,82.1,0,1,Yes
S0027,7.73,93.2,0,1,,53.8,0,2,Yes
S0101,6.82,79.4,1,4,,56.0,1,2,Yes
S0975,6.2,70.0,2,1,56.3,52.5,1,2,No
S0777,6.11,65.9,0,3,33.7,63.6,2,0,Yes
S0789,85.0,90.7,2,2,73.8,44.1,0,5,Yes
S0521,6.23,80.2,2,2,52.2,58.0,3,3,Yes
S0364,6.14,91.3,0,0,45.8,50.8,1,3,No
S0310,,90.6,0,1,55.0,61.5,0,4,Yes
S0796,7.08,90.2,1,2,57.6,49.4,1,0,Yes
S0829,8.41,81.9,0,5,59.5,69.9,0,0,Yes
S1277,6.6,86.1,0,5,49.6,73.6,1,0,No
S0545,6.95,64.8,0,4,60.1,68.4,1,1,No
S0940,8.07,78.6,0,2,52.3,63.7,0,0,Yes
S0442,7.53,81.0,1,2,,36.9,1,1,Yes
S0648,5.47,90.3,1,3,64.8,61.5,2,1,No
S1004,7.83,85.3,1,1,60.1,77.3,0,2,Yes
S0477,8.26,59.2,1,3,69.5,,0,1,Yes
S1047,6.66,76.6,1,5,41.7,64.7,0,0,Yes
S0063,7.36,71.0,2,1,59.2,64.0,0,2,No
S1173,7.08,74.9,0,6,47.7,73.0,0,1,No
S0484,7.78,77.2,1,0,51.2,63.2,0,2,Yes
S1027,5.02,,2,2,45.0,46.6,4,0,No
S1282,5.03,72.7,2,2,46.3,44.8,1,2,No
S0053,5.74,73.6,0,0,34.8,45.8,2,2,No
S0243,5.44,85.6,1,1,41.0,70.9,3,0,No
S1198,6.27,81.6,0,5,39.4,40.8,2,2,No
S0036,8.33,69.4,1,5,73.0,36.8,0,0,Yes
S1203,7.62,89.2,2,3,55.9,79.0,0,2,Yes
S0739,5.58,70.1,0,2,60.1,48.7,1,2,No
S0121,6.18,86.4,2,3,39.9,47.1,2,1,Yes
S1468,5.84,72.5,2,1,32.0,59.4,3,0,No
S1300,6.23,72.9,3,1,79.9,53.6,0,1,Yes
S1020,7.82,61.2,0,4,53.5,60.5,0,0,No
S0045,7.32,95.0,0,2,54.4,58.4,0,0,Yes
S1325,7.43,80.1,1,4,42.6,76.4,0,2,Yes
S0837,6.87,100.0,1,3,,80.0,0,1,Yes
S0077,6.77,80.3,0,3,45.8,47.8,0,3,No
S0369,,75.9,2,0,77.4,57.4,0,1,Yes
S0907,6.97,83.2,1,0,28.3,42.6,2,0,  yes 
S1237,7.23,69.6,0,5,54.6,67.5,1,1,No
S0268,7.55,89.3,0,2,45.7,58.7,0,2,Yes
S1336,9.06,78.8,1,0,67.6,62.9,0,1,Yes
S0729,6.06,100.0,1,3,33.6,33.7,0,6,No
S0445,6.86,75.8,1,1,43.3,67.0,1,0,No
S0504,5.7,82.8,1,2,60.8,73.3,1,0,Yes
S1058,7.61,89.2,1,1,,63.4,1,0,Yes
S1034,7.69,81.6,1,7,46.4,97.5,0,2,Yes
S1185,7.19,63.7,2,2,91.3,86.7,2,2,Yes
S0286,6.73,93.3,2,0,72.8,47.3,1,1,Yes
S0296,7.38,,0,1,47.5,80.8,0,1,No
S0626,6.67,82.1,0,2,52.6,61.1,1,0,No
S0278,6.09,82.3,0,2,30.8,51.6,1,1,No
S1457,,85.8,2,2,52.1,,0,2,Yes
S0485,7.14,71.4,0,0,33.0,39.7,0,2,No
S0183,6.79,74.1,1,1,38.3,60.0,2,2,No
S0971,6.92,74.9,0,2,49.6,46.1,0,2,No
S1490,7.38,95.2,1,3,42.4,62.7,0,1,Yes
S0685,6.76,60.9,0,3,59.9,71.7,1,2,No
S0076,7.89,66.1,0,0,15.9,59.4,0,1,No
S0037,7.09,88.2,0,4,54.7,66.6,1,1,Yes
S1181,5.88,93.6,0,2,60.1,69.3,3,2,No
S0003,7.95,94.6,0,1,,70.3,0,0,Yes
S0755,8.99,91.4,2,3,72.1,76.9,0,0,Yes
S0509,6.64,93.1,0,5,34.7,58.2,1,0,No
S0498,6.86,79.0,1,3,68.7,45.6,0,1,Yes
S0309,7.78,,1,4,76.7,46.0,0,1,Yes
S1314,7.6,,2,3,62.9,67.0,0,4,Yes
S1439,5.95,75.6,1,1,57.4,,0,1,No
S1446,7.49,82.5,3,4,75.3,51.1,0,2,Yes
S0142,6.21,85.5,0,4,66.6,52.7,1,2,No
S1248,5.39,74.8,0,5,43.5,52.1,1,0,No
S0865,6.51,100.0,0,4,30.3,74.6,2,0,No
S0184,8.31,93.5,1,4,93.4,70.1,0,2,Yes
S1481,7.65,79.0,0,4,62.4,47.2,1,2,Yes
S1011,5.97,73.4,0,2,39.9,39.9,1,1,No
S0913,7.76,61.3,0,0,54.1,36.4,0,3,No
S0849,6.49,96.5,1,1,49.7,65.6,0,1,Yes
S0512,6.9,99.5,2,1,64.3,65.3,0,2,Yes
S0732,7.26,68.1,1,0,72.0,75.6,0,2,Yes
S0997,7.97,78.7,1,3,35.2,34.2,0,1,Yes
S0888,6.77,87.4,0,0,,61.4,1,0,No
S0118,7.22,60.5,1,5,59.4,,2,0,No
S1026,6.84,87.5,0,1,25.2,72.7,3,1,No
S0114,5.75,80.9,1,5,43.0,30.5,0,0,No
S0546,7.04,69.1,2,5,30.6,42.0,1,0,Yes
S0166,6.3,72.3,0,0,24.8,46.2,1,1,No
S0185,7.63,73.0,1,1,73.8,59.4,0,3,Yes
S1397,7.8,90.8,0,6,59.8,52.9,0,2,Yes
S0275,8.77,92.3,1,5,78.6,65.3,0,1,Yes
S1002,6.47,82.7,1,4,54.2,49.0,1,5,Yes
S0705,8.25,91.9,0,4,100.0,74.6,0,2,Yes
S1025,5.09,100.0,1,4,38.7,62.0,2,1,No
S0384,,,0,2,9.4,58.6,2,2,No
S1430,7.95,76.6,3,0,55.4,80.4,0,0,Yes
S0562,7.53,98.9,1,1,67.8,78.9,0,0,Yes
S0863,7.14,76.1,0,1,26.5,54.2,0,0,No
S1045,6.44,79.5,1,2,36.1,66.1,0,0,No
S0177,8.78,90.9,2,3,67.7,80.9,0,1,Yes
S1360,6.95,70.2,1,4,50.3,85.7,0,2,No
S0380,6.74,62.1,1,1,50.4,51.4,1,1,Yes
S1196,9.16,90.5,2,3,65.4,79.4,0,1,Yes
S1017,7.25,80.1,2,3,61.0,38.2,2,2,Yes
S0520,8.83,85.2,1,3,71.9,91.2,0,3,Yes
S0831,7.6,70.1,0,1,45.5,77.6,0,0,No
S0508,7.63,67.8,1,8,48.7,54.8,1,2,Yes
S1177,6.44,97.2,3,0,41.4,60.1,4,0,No
S0414,7.95,47.9,1,1,39.1,,0,1,Yes
S0623,7.47,71.1,1,5,68.6,64.2,0,1,Yes
S0873,7.92,78.7,0,3,37.6,52.1,0,3,Yes
S0859,5.26,93.3,2,3,52.8,51.5,2,1,No
S0642,7.9,76.3,1,1,78.3,50.7,0,1,Yes
S1341,,78.2,0,5,15.6,42.6,1,2,No
S0259,7.07,68.7,1,0,79.9,57.3,1,2,Yes
S0835,6.45,74.6,1,4,54.9,53.0,1,3,Yes
S0663,6.3,94.3,1,5,60.8,53.1,1,2,Yes
S1499,7.91,89.0,1,1,51.5,44.5,0,0,No
S0338,7.51,77.2,0,5,,86.6,0,2,Yes
S0399,7.73,75.1,2,1,47.7,58.5,0,1,Yes
S1448,8.72,84.6,0,1,63.1,94.2,0,0,Yes
S0606,7.74,74.4,1,3,71.3,68.3,0,0,Yes
S0481,7.42,81.9,0,6,49.0,52.9,2,1,No
S1447,9.53,97.6,1,3,73.8,69.7,1,0,Yes
S1144,6.66,69.5,0,1,29.7,65.8,0,2,Yes
S0918,7.73,73.0,1,4,48.6,93.1,0,1,No
S1018,6.93,95.8,1,4,88.5,65.6,1,2,Yes
S0876,5.24,53.2,1,2,58.0,35.4,3,1,No
S0660,6.88,,2,2,65.6,,0,1,Yes
S1022,7.52,99.6,0,2,48.1,53.4,0,2,No
S0790,7.05,62.6,1,4,52.3,87.9,0,2,Yes
S0257,7.63,98.8,3,4,,48.1,0,1,Yes
S0969,8.12,87.3,1,4,64.2,41.6,0,3,Yes
S0953,7.68,86.0,0,2,57.0,,0,2,No
S1274,7.57,78.2,0,1,36.5,60.7,1,4,No
